timestamp,price,market_cap,volume_24h,circulating_supply,price_change_24h,bullish_sentiment,bearish_sentiment
2026-02-26 10:22:52,"$68,155.28",$1.36T,$54.84B,19.99M BTC,4.63% (24h),,
2026-02-26 10:32:29,"$68,018.44",$1.36T,$55.09B,19.99M BTC,4.3% (24h),,
2026-02-26 04:37:12,"$68,426.63",$1.36T,$55.21B,19.99M BTC,4.52% (24h),,
2026-02-26 05:29:40,"$68,354.25",$1.36T,$56.3B,19.99M BTC,4.53% (24h),,
2026-02-26 06:13:43,"$68,337.79",$1.36T,$56.37B,19.99M BTC,4.62% (24h),,
2026-02-26 06:57:47,"$68,014.45",$1.35T,$56.27B,19.99M BTC,4% (24h),,
2026-02-26 07:56:09,"$68,167.36",$1.36T,$55.99B,19.99M BTC,3.24% (24h),,
2026-02-26 09:06:18,"$67,829.04",$1.35T,$53.1B,19.99M BTC,2.24% (24h),,
2026-02-26 10:02:04,"$67,574.57",$1.35T,$53.05B,19.99M BTC,0.64% (24h),,
2026-02-26 11:04:15,"$67,354.62",$1.34T,$53.89B,19.99M BTC,0.16% (24h),,
2026-02-26 12:14:50,"$66,914.07",$1.33T,$52.42B,19.99M BTC,2.35% (24h),,
2026-02-26 13:07:10,"$66,763.36",$1.33T,$50.8B,19.99M BTC,2.63% (24h),,
2026-02-26 14:08:35,"$67,546.99",$1.35T,$49.13B,19.99M BTC,2.26% (24h),,
2026-02-26 14:52:52,"$67,525.54",$1.35T,$48.79B,19.99M BTC,2.22% (24h),,
2026-02-26 15:29:17,"$67,611.91",$1.35T,$48.73B,19.99M BTC,1.78% (24h),,
2026-02-26 16:03:36,"$67,448.10",$1.34T,$48.03B,19.99M BTC,2.54% (24h),,
2026-02-26 16:44:25,"$67,445.58",$1.34T,$46.72B,19.99M BTC,2.52% (24h),,
2026-02-26 17:04:45,"$67,460.25",$1.34T,$46.02B,19.99M BTC,2.29% (24h),,
2026-02-26 17:50:49,"$67,619.80",$1.35T,$45.14B,19.99M BTC,1.24% (24h),,
2026-02-26 18:18:12,"$67,469.58",$1.34T,$43.92B,19.99M BTC,1.49% (24h),,
2026-02-26 18:49:08,"$67,486.18",$1.34T,$43.06B,19.99M BTC,0.4% (24h),,
2026-02-26 19:04:31,"$67,445.97",$1.34T,$42.99B,19.99M BTC,0.67% (24h),,
2026-02-26 21:50:43,"$67,471.39",$1.34T,$41.44B,19.99M BTC,0.99% (24h),,
2026-02-26 23:29:42,"$67,950.40",$1.35T,$41.55B,19.99M BTC,0.96% (24h),,
2026-02-27 00:36:37,"$67,826.58",$1.35T,$41.86B,19.99M BTC,0.83% (24h),,
2026-02-27 01:30:59,"$67,685.87",$1.35T,$40.77B,19.99M BTC,0.85% (24h),,
2026-02-27 02:30:03,"$67,498.79",$1.34T,$41.03B,19.99M BTC,1% (24h),,
2026-02-27 03:04:31,"$67,723.32",$1.35T,$41.28B,19.99M BTC,0.23% (24h),,
2026-02-27 03:57:29,"$67,979.72",$1.35T,$40.93B,19.99M BTC,0% (24h),,
2026-02-27 04:37:07,"$67,882.98",$1.35T,$41.7B,19.99M BTC,0.81% (24h),,
2026-02-27 05:10:14,"$67,268.02",$1.34T,$40.63B,19.99M BTC,1.98% (24h),,
2026-02-27 05:58:45,"$66,650.89",$1.33T,$42.08B,19.99M BTC,2.39% (24h),,
2026-02-27 06:31:42,"$66,533.13",$1.33T,$42.57B,19.99M BTC,2.39% (24h),,
2026-02-27 06:56:15,"$66,030.35",$1.32T,$43.09B,19.99M BTC,2.93% (24h),,
2026-02-27 07:39:10,"$65,948.57",$1.31T,$43.94B,19.99M BTC,3.32% (24h),,
2026-02-27 08:45:00,"$66,065.48",$1.32T,$45.12B,19.99M BTC,2.91% (24h),,
2026-02-27 09:28:50,"$66,041.00",$1.32T,$45.06B,19.99M BTC,3.04% (24h),,
2026-02-27 10:07:18,"$66,103.78",$1.32T,$44.36B,19.99M BTC,2.23% (24h),,
2026-02-27 10:51:49,"$66,135.57",$1.32T,$43.29B,19.99M BTC,1.88% (24h),,
2026-02-27 11:24:26,"$65,954.76",$1.31T,$42.74B,19.99M BTC,1.96% (24h),,
2026-02-27 12:04:11,"$65,604.74",$1.31T,$41.61B,19.99M BTC,1.84% (24h),,
2026-02-27 12:50:33,"$65,452.75",$1.3T,$41.61B,19.99M BTC,1.93% (24h),,
2026-02-27 13:23:56,"$65,456.15",$1.3T,$41.71B,19.99M BTC,2.14% (24h),,
2026-02-27 14:09:09,"$65,227.41",$1.3T,$40.87B,19.99M BTC,3.47% (24h),,
2026-02-27 14:46:52,"$65,306.08",$1.3T,$40.49B,19.99M BTC,3.29% (24h),,
2026-02-27 15:03:01,"$65,513.90",$1.3T,$40.53B,19.99M BTC,3.23% (24h),,
2026-02-27 15:41:33,"$65,620.59",$1.31T,$40.21B,19.99M BTC,2.66% (24h),,
2026-02-27 16:01:15,"$65,528.45",$1.31T,$40.1B,19.99M BTC,2.73% (24h),,
2026-02-27 16:34:16,"$65,639.65",$1.31T,$40.03B,19.99M BTC,2.63% (24h),,
2026-02-27 16:56:29,"$65,438.29",$1.3T,$40.02B,19.99M BTC,3.08% (24h),,
2026-02-27 17:17:03,"$65,575.89",$1.31T,$39.71B,19.99M BTC,2.82% (24h),,
2026-02-27 17:46:38,"$65,648.72",$1.31T,$40.08B,19.99M BTC,2.89% (24h),,
2026-02-27 18:01:41,"$65,557.65",$1.31T,$40.26B,19.99M BTC,2.89% (24h),,
2026-02-27 18:30:28,"$65,870.23",$1.31T,$40.37B,19.99M BTC,2.54% (24h),,
2026-02-27 18:50:10,"$65,879.80",$1.31T,$40.47B,19.99M BTC,2.41% (24h),,
2026-02-27 19:01:07,"$65,846.21",$1.31T,$40.26B,19.99M BTC,2.38% (24h),,
2026-02-27 21:09:27,"$65,904.47",$1.31T,$38.94B,19.99M BTC,2.28% (24h),,
2026-02-27 23:02:43,"$65,798.25",$1.31T,$38.17B,19.99M BTC,2.72% (24h),,
2026-02-28 00:02:04,"$65,661.55",$1.31T,$36.91B,19.99M BTC,3.14% (24h),,
2026-02-28 00:45:45,"$65,550.55",$1.31T,$36.41B,19.99M BTC,3.38% (24h),,
2026-02-28 01:03:04,"$65,553.88",$1.31T,$36.42B,19.99M BTC,3.24% (24h),,
2026-02-28 01:56:07,"$63,337.18",$1.26T,$39.01B,19.99M BTC,6.44% (24h),,
2026-02-28 02:21:58,"$63,643.81",$1.27T,$40.43B,19.99M BTC,5.89% (24h),,
2026-02-28 02:46:30,"$63,975.66",$1.27T,$41.39B,19.99M BTC,5.26% (24h),,
2026-02-28 02:58:06,"$63,879.04",$1.27T,$42.05B,19.99M BTC,5.65% (24h),,
2026-02-28 03:24:46,"$63,581.96",$1.27T,$42.3B,19.99M BTC,6.41% (24h),,
2026-02-28 03:50:45,"$63,598.47",$1.27T,$42.06B,19.99M BTC,6.45% (24h),,
2026-02-28 04:04:16,"$63,558.28",$1.27T,$41.43B,19.99M BTC,6.39% (24h),,
2026-02-28 04:38:38,"$63,641.61",$1.27T,$41.49B,19.99M BTC,6.16% (24h),,
2026-02-28 04:53:15,"$63,678.14",$1.27T,$41.53B,19.99M BTC,5.49% (24h),,
2026-02-28 05:16:37,"$63,569.87",$1.27T,$41.84B,19.99M BTC,5.03% (24h),,
2026-02-28 05:43:48,"$63,965.73",$1.27T,$40.71B,19.99M BTC,4.13% (24h),,
2026-02-28 05:58:16,"$63,966.83",$1.27T,$41.93B,19.99M BTC,4.01% (24h),,
2026-02-28 06:17:09,"$64,073.83",$1.28T,$41.95B,19.99M BTC,3.88% (24h),,
2026-02-28 06:34:17,"$64,206.22",$1.28T,$41.59B,19.99M BTC,3.38% (24h),,
2026-02-28 06:49:04,"$64,043.73",$1.28T,$41.43B,19.99M BTC,3.08% (24h),,
2026-02-28 06:56:48,"$63,892.53",$1.27T,$41.48B,19.99M BTC,3.23% (24h),,
2026-02-28 07:29:42,"$63,987.75",$1.27T,$40.75B,19.99M BTC,3.02% (24h),,
2026-02-28 08:13:23,"$64,041.95",$1.28T,$39.69B,19.99M BTC,3.05% (24h),,
2026-02-28 08:51:02,"$64,534.50",$1.29T,$39.24B,19.99M BTC,2.61% (24h),,
2026-02-28 09:01:30,"$65,277.91",$1.3T,$39.23B,19.99M BTC,1.5% (24h),,
2026-02-28 09:28:49,"$64,795.44",$1.29T,$40.84B,19.99M BTC,1.9% (24h),,
2026-02-28 09:47:55,"$64,852.99",$1.29T,$40.49B,19.99M BTC,1.4% (24h),,
2026-02-28 09:59:03,"$64,450.12",$1.28T,$40.38B,19.99M BTC,2.14% (24h),,
2026-02-28 10:21:17,"$64,439.29",$1.28T,$40.09B,19.99M BTC,2.51% (24h),,
2026-02-28 10:41:15,"$64,842.74",$1.29T,$40.11B,19.99M BTC,1.73% (24h),,
2026-02-28 10:54:08,"$64,787.74",$1.29T,$39.98B,19.99M BTC,2.15% (24h),,
2026-02-28 11:18:31,"$64,788.30",$1.29T,$39.79B,19.99M BTC,1.84% (24h),,
2026-02-28 11:45:36,"$65,152.28",$1.3T,$39.35B,19.99M BTC,0.87% (24h),,
2026-02-28 12:00:04,"$65,124.46",$1.3T,$39.27B,19.99M BTC,0.55% (24h),,
2026-02-28 12:22:40,"$64,935.01",$1.29T,$38.66B,19.99M BTC,0.64% (24h),,
2026-02-28 12:44:13,"$64,949.69",$1.29T,$38.39B,19.99M BTC,0.69% (24h),,
2026-02-28 12:56:37,"$65,162.33",$1.3T,$38.14B,19.99M BTC,0.59% (24h),,
2026-02-28 13:22:43,"$65,259.81",$1.3T,$38.11B,19.99M BTC,0.27% (24h),,
2026-02-28 13:55:02,"$65,972.11",$1.31T,$38B,19.99M BTC,1.08% (24h),,
2026-02-28 14:16:33,"$65,771.88",$1.31T,$38.66B,19.99M BTC,0.77% (24h),,
2026-02-28 14:35:23,"$66,347.28",$1.32T,$38.78B,19.99M BTC,1.5% (24h),,
2026-02-28 14:48:30,"$66,419.26",$1.32T,$38.39B,19.99M BTC,1.7% (24h),,
2026-02-28 14:56:48,"$66,404.70",$1.32T,$39.29B,19.99M BTC,1.49% (24h),,
2026-02-28 15:17:58,"$66,523.24",$1.33T,$39.4B,19.99M BTC,1.45% (24h),,
2026-02-28 15:43:39,"$66,765.43",$1.33T,$40.17B,19.99M BTC,1.79% (24h),,
2026-02-28 15:59:16,"$66,924.82",$1.33T,$39.7B,19.99M BTC,2.06% (24h),,
2026-02-28 16:21:27,"$66,474.90",$1.32T,$40.19B,19.99M BTC,1.19% (24h),,
2026-02-28 16:39:49,"$66,813.03",$1.33T,$40.22B,19.99M BTC,1.82% (24h),,
2026-02-28 16:51:17,"$66,718.62",$1.33T,$40.42B,19.99M BTC,1.74% (24h),,
2026-02-28 16:59:07,"$66,763.95",$1.33T,$40.72B,19.99M BTC,1.9% (24h),,
2026-02-28 17:22:35,"$67,122.87",$1.34T,$41.1B,19.99M BTC,2.5% (24h),,
2026-02-28 17:46:06,"$67,337.45",$1.34T,$41.51B,19.99M BTC,2.64% (24h),,
2026-02-28 17:58:28,"$67,267.92",$1.34T,$41.49B,19.99M BTC,2.59% (24h),,
2026-02-28 18:19:53,"$66,987.33",$1.33T,$41.6B,19.99M BTC,1.75% (24h),,
2026-02-28 18:40:22,"$66,785.68",$1.33T,$41.79B,19.99M BTC,1.27% (24h),,
2026-02-28 18:54:06,"$67,048.18",$1.34T,$41.88B,19.99M BTC,1.76% (24h),,
2026-02-28 20:26:35,"$66,422.30",$1.32T,$42.59B,19.99M BTC,0.71% (24h),,
2026-02-28 23:02:07,"$67,592.67",$1.35T,$47.6B,19.99M BTC,2.73% (24h),,
2026-03-01 00:23:23,"$67,514.79",$1.35T,$49.02B,19.99M BTC,2.79% (24h),,
2026-03-01 01:08:30,"$67,110.45",$1.34T,$49B,19.99M BTC,2.4% (24h),,
2026-03-01 02:02:48,"$66,921.78",$1.33T,$46.52B,19.99M BTC,5.48% (24h),,
2026-03-01 02:42:25,"$67,146.28",$1.34T,$44.12B,19.99M BTC,4.6% (24h),,
2026-03-01 03:00:08,"$67,123.94",$1.34T,$43.54B,19.99M BTC,5.16% (24h),,
2026-03-01 03:34:27,"$67,159.09",$1.34T,$43.47B,19.99M BTC,5.62% (24h),,
2026-03-01 03:59:31,"$66,541.88",$1.33T,$43.09B,19.99M BTC,4.91% (24h),,
2026-03-01 04:30:38,"$66,642.12",$1.33T,$43.66B,19.99M BTC,4.34% (24h),,
2026-03-01 04:53:56,"$66,391.67",$1.32T,$43.05B,19.99M BTC,4.25% (24h),,
2026-03-01 05:19:18,"$66,454.30",$1.32T,$43.49B,19.99M BTC,4.27% (24h),,
2026-03-01 05:46:58,"$66,438.65",$1.32T,$42.6B,19.99M BTC,3.9% (24h),,
2026-03-01 06:00:52,"$66,481.92",$1.32T,$42.47B,19.99M BTC,3.85% (24h),,
2026-03-01 06:24:49,"$66,551.37",$1.33T,$42.25B,19.99M BTC,3.78% (24h),,
2026-03-01 06:41:56,"$66,533.34",$1.33T,$41.63B,19.99M BTC,3.93% (24h),,
2026-03-01 06:55:50,"$66,486.93",$1.32T,$41.56B,19.99M BTC,3.92% (24h),,
2026-03-01 07:31:37,"$66,443.30",$1.32T,$41.16B,19.99M BTC,3.76% (24h),,
2026-03-01 08:24:20,"$66,244.25",$1.32T,$40.75B,19.99M BTC,3.38% (24h),,
2026-03-01 08:55:12,"$67,169.71",$1.34T,$40.34B,19.99M BTC,3.54% (24h),,
2026-03-01 09:19:21,"$67,070.94",$1.34T,$40.26B,19.99M BTC,3.6% (24h),,
2026-03-01 09:45:43,"$66,832.12",$1.33T,$40.07B,19.99M BTC,2.94% (24h),,
2026-03-01 10:00:43,"$66,849.96",$1.33T,$39.79B,19.99M BTC,3.72% (24h),,
2026-03-01 10:24:09,"$67,040.46",$1.34T,$39.48B,19.99M BTC,3.84% (24h),,
2026-03-01 10:44:40,"$67,186.30",$1.34T,$38.93B,19.99M BTC,3.64% (24h),,
2026-03-01 10:58:33,"$66,925.41",$1.33T,$39.48B,19.99M BTC,3.18% (24h),,
2026-03-01 11:25:21,"$66,913.47",$1.33T,$39.62B,19.99M BTC,2.95% (24h),,
2026-03-01 11:50:50,"$65,932.39",$1.31T,$39.64B,19.99M BTC,1.31% (24h),,
2026-03-01 12:04:01,"$66,162.77",$1.32T,$40.4B,19.99M BTC,1.66% (24h),,
2026-03-01 12:35:22,"$66,056.87",$1.32T,$40.55B,19.99M BTC,1.43% (24h),,
2026-03-01 12:53:25,"$66,093.96",$1.32T,$40.59B,19.99M BTC,1.42% (24h),,
2026-03-01 13:23:30,"$66,409.98",$1.32T,$40.64B,19.99M BTC,1.79% (24h),,
2026-03-01 13:56:23,"$66,318.23",$1.32T,$41.21B,19.99M BTC,0.34% (24h),,
2026-03-01 14:18:03,"$65,989.39",$1.31T,$40.54B,19.99M BTC,0.25% (24h),,
2026-03-01 14:37:26,"$66,042.69",$1.32T,$40.58B,19.99M BTC,0.33% (24h),,
2026-03-01 14:49:47,"$65,910.22",$1.31T,$40.35B,19.99M BTC,0.81% (24h),,
2026-03-01 14:58:58,"$65,956.91",$1.31T,$39.79B,19.99M BTC,0.54% (24h),,
2026-03-01 15:25:21,"$65,449.06",$1.3T,$39.83B,19.99M BTC,2.28% (24h),,
2026-03-01 15:48:29,"$65,238.63",$1.3T,$40.01B,19.99M BTC,2.81% (24h),,
2026-03-01 16:01:44,"$65,331.27",$1.3T,$39.98B,19.99M BTC,2.43% (24h),,
2026-03-01 16:30:09,"$65,604.48",$1.31T,$39.59B,19.99M BTC,1.31% (24h),,
2026-03-01 16:47:10,"$65,618.43",$1.31T,$39.71B,19.99M BTC,1.92% (24h),,
2026-03-01 16:57:15,"$65,716.49",$1.31T,$39.71B,19.99M BTC,1.47% (24h),,
2026-03-01 17:18:05,"$66,086.34",$1.32T,$39.58B,19.99M BTC,1.27% (24h),,
2026-03-01 17:45:21,"$65,386.11",$1.3T,$39.83B,19.99M BTC,2.92% (24h),,
2026-03-01 18:00:44,"$65,197.00",$1.3T,$39.98B,19.99M BTC,2.86% (24h),,
2026-03-01 18:28:47,"$65,653.17",$1.31T,$40.37B,19.99M BTC,1.86% (24h),,
2026-03-01 18:47:05,"$65,728.39",$1.31T,$40.76B,19.99M BTC,1.91% (24h),,
2026-03-01 18:58:45,"$65,738.05",$1.31T,$40.73B,19.99M BTC,1.83% (24h),,
2026-03-01 20:52:43,"$66,543.40",$1.33T,$41.39B,19.99M BTC,1.29% (24h),,
2026-03-01 23:07:26,"$66,760.71",$1.33T,$38.48B,19.99M BTC,1.07% (24h),,
2026-03-02 00:20:39,"$66,747.44",$1.33T,$38.66B,19.99M BTC,0.98% (24h),,
2026-03-02 01:09:55,"$66,557.87",$1.33T,$38.91B,19.99M BTC,0.8% (24h),,
2026-03-02 02:15:20,"$65,692.11",$1.31T,$38.03B,19.99M BTC,2% (24h),,
2026-03-02 02:58:29,"$65,949.33",$1.31T,$39.37B,19.99M BTC,1.76% (24h),,
2026-03-02 03:42:02,"$65,980.15",$1.31T,$39.73B,19.99M BTC,1.87% (24h),,
2026-03-02 04:33:20,"$66,491.12",$1.32T,$39.64B,19.99M BTC,0.1% (24h),,
2026-03-02 05:28:43,"$66,213.25",$1.32T,$40.13B,19.99M BTC,0.55% (24h),,
2026-03-02 06:08:59,"$66,078.13",$1.32T,$40.45B,19.99M BTC,0.61% (24h),,
2026-03-02 06:41:18,"$66,237.55",$1.32T,$41.09B,19.99M BTC,0.44% (24h),,
2026-03-02 07:00:03,"$66,339.21",$1.32T,$41.45B,19.99M BTC,0.19% (24h),,
2026-03-02 08:01:50,"$65,946.66",$1.31T,$41.96B,19.99M BTC,0.55% (24h),,
2026-03-02 09:07:43,"$65,495.55",$1.3T,$42.54B,19.99M BTC,2.67% (24h),,
2026-03-02 09:58:21,"$66,987.53",$1.33T,$44.96B,19.99M BTC,0.2% (24h),,
2026-03-02 10:38:23,"$69,274.53",$1.38T,$48.96B,19.99M BTC,3.2% (24h),,
2026-03-02 12:06:56,"$69,481.04",$1.38T,$54.6B,19.99M BTC,4.97% (24h),,
2026-03-02 12:56:54,"$69,086.81",$1.38T,$55.42B,19.99M BTC,4.68% (24h),,
2026-03-02 13:37:13,"$69,185.05",$1.38T,$55.91B,19.99M BTC,4.18% (24h),,
2026-03-02 14:25:10,"$68,858.17",$1.37T,$56.64B,19.99M BTC,4.31% (24h),,
2026-03-02 14:57:04,"$68,954.12",$1.37T,$57.11B,19.99M BTC,4.55% (24h),,
2026-03-02 15:30:47,"$69,027.52",$1.38T,$57.48B,19.99M BTC,5.53% (24h),,
2026-03-02 16:03:23,"$69,128.01",$1.38T,$57.53B,19.99M BTC,5.75% (24h),,
2026-03-02 16:48:45,"$69,487.32",$1.38T,$57.48B,19.99M BTC,5.92% (24h),,
2026-03-02 17:05:25,"$69,386.93",$1.38T,$56.4B,19.99M BTC,5.5% (24h),,
2026-03-02 17:42:04,"$69,369.29",$1.38T,$57.03B,19.99M BTC,5.88% (24h),,
2026-03-02 18:01:47,"$69,323.56",$1.38T,$56.74B,19.99M BTC,6.17% (24h),,
2026-03-02 18:34:01,"$68,885.11",$1.37T,$56.38B,19.99M BTC,4.92% (24h),,
2026-03-02 18:56:06,"$68,813.85",$1.37T,$56.7B,19.99M BTC,4.72% (24h),,
2026-03-02 20:21:25,"$68,999.29",$1.37T,$55.18B,19.99M BTC,3.39% (24h),,
2026-03-02 22:44:07,"$68,411.94",$1.36T,$55.02B,19.99M BTC,2.24% (24h),,
2026-03-03 00:09:15,"$68,297.52",$1.36T,$54.65B,19.99M BTC,2.47% (24h),,
2026-03-03 01:03:40,"$67,935.85",$1.35T,$54.7B,19.99M BTC,1.91% (24h),,
2026-03-03 02:08:14,"$68,020.14",$1.36T,$54.56B,19.99M BTC,3.09% (24h),,
2026-03-03 02:52:54,"$68,174.97",$1.36T,$54.55B,19.99M BTC,3.38% (24h),,
2026-03-03 03:32:45,"$67,630.98",$1.35T,$54.53B,19.99M BTC,2.8% (24h),,
2026-03-03 04:12:31,"$67,076.49",$1.34T,$55.78B,19.99M BTC,0.93% (24h),,
2026-03-03 05:03:04,"$66,489.65",$1.32T,$55.82B,19.99M BTC,0.22% (24h),,
2026-03-03 05:57:20,"$66,720.54",$1.33T,$56.72B,19.99M BTC,0.8% (24h),,
2026-03-03 06:28:14,"$66,869.70",$1.33T,$56.84B,19.99M BTC,1.12% (24h),,
2026-03-03 06:54:45,"$67,006.37",$1.33T,$57.03B,19.99M BTC,1% (24h),,
2026-03-03 07:38:28,"$67,355.37",$1.34T,$58.12B,19.99M BTC,2.02% (24h),,
2026-03-03 08:44:31,"$66,905.38",$1.33T,$57.4B,19.99M BTC,2.05% (24h),,
2026-03-03 09:31:58,"$67,207.56",$1.34T,$56.72B,19.99M BTC,2.31% (24h),,
2026-03-03 10:32:26,"$67,218.68",$1.34T,$53.69B,19.99M BTC,2.05% (24h),,
2026-03-03 11:09:59,"$68,503.30",$1.36T,$51.81B,19.99M BTC,1.51% (24h),,
2026-03-03 12:05:42,"$68,014.39",$1.36T,$50.99B,19.99M BTC,2.23% (24h),,
2026-03-03 12:57:09,"$68,282.76",$1.36T,$50.59B,19.99M BTC,1.18% (24h),,
2026-03-03 13:38:30,"$68,750.97",$1.37T,$50.58B,19.99M BTC,0.56% (24h),,
2026-03-03 14:27:56,"$68,642.73",$1.37T,$50.46B,19.99M BTC,0.31% (24h),,
2026-03-03 14:57:20,"$68,481.49",$1.36T,$50.81B,19.99M BTC,0.68% (24h),,
2026-03-03 15:28:00,"$68,371.11",$1.36T,$50.4B,19.99M BTC,0.82% (24h),,
2026-03-03 15:57:11,"$68,225.66",$1.36T,$50.29B,19.99M BTC,1.61% (24h),,
2026-03-03 16:27:43,"$67,863.86",$1.35T,$50.17B,19.99M BTC,2.14% (24h),,
2026-03-03 16:55:58,"$68,082.01",$1.36T,$49.02B,19.99M BTC,2.04% (24h),,
2026-03-03 17:21:47,"$68,212.55",$1.36T,$49.9B,19.99M BTC,1.49% (24h),,
2026-03-03 17:51:04,"$68,326.16",$1.36T,$49.54B,19.99M BTC,1.44% (24h),,
2026-03-03 18:03:14,"$68,302.15",$1.36T,$49.23B,19.99M BTC,1.65% (24h),,
2026-03-03 18:39:31,"$68,462.38",$1.36T,$49.2B,19.99M BTC,0.6% (24h),,
2026-03-03 18:57:06,"$68,307.48",$1.36T,$48.8B,19.99M BTC,0.7% (24h),,
2026-03-03 20:22:16,"$67,992.15",$1.35T,$48.8B,19.99M BTC,1.46% (24h),,
2026-03-03 22:38:42,"$67,584.03",$1.35T,$49.42B,19.99M BTC,1.29% (24h),,
2026-03-03 23:59:22,"$67,835.17",$1.35T,$50.61B,19.99M BTC,0.39% (24h),,
2026-03-04 00:44:20,"$68,230.05",$1.36T,$50.48B,19.99M BTC,0.18% (24h),,
2026-03-04 01:30:09,"$68,134.26",$1.36T,$50.46B,19.99M BTC,0.34% (24h),,
2026-03-04 02:13:47,"$68,418.19",$1.36T,$50.59B,19.99M BTC,0.56% (24h),,
2026-03-04 02:55:21,"$69,324.36",$1.38T,$50.4B,19.99M BTC,1.65% (24h),,
2026-03-04 03:31:06,"$69,339.73",$1.38T,$52.86B,19.99M BTC,2.43% (24h),,
2026-03-04 04:06:48,"$71,195.12",$1.42T,$54.67B,19.99M BTC,6.27% (24h),,
2026-03-04 04:56:01,"$71,405.10",$1.42T,$58.18B,19.99M BTC,7.34% (24h),,
2026-03-04 05:29:31,"$71,508.31",$1.42T,$58.96B,19.99M BTC,7.5% (24h),,
2026-03-04 06:04:20,"$71,421.83",$1.42T,$60.32B,19.99M BTC,6.63% (24h),,
2026-03-04 06:41:25,"$71,051.00",$1.42T,$59.21B,19.99M BTC,5.95% (24h),,
2026-03-04 06:58:51,"$71,129.34",$1.42T,$60.75B,19.99M BTC,6.11% (24h),,
2026-03-04 07:53:33,"$71,140.10",$1.42T,$60.83B,19.99M BTC,5.69% (24h),,
2026-03-04 08:53:13,"$71,374.20",$1.42T,$62.51B,19.99M BTC,6.73% (24h),,
2026-03-04 09:34:56,"$72,443.93",$1.44T,$64.05B,19.99M BTC,8.39% (24h),,
2026-03-04 10:10:41,"$72,028.82",$1.44T,$65.69B,19.99M BTC,7.96% (24h),,
2026-03-04 10:58:05,"$73,245.12",$1.46T,$68.04B,19.99M BTC,8.37% (24h),,
2026-03-04 11:39:47,"$73,188.32",$1.46T,$68.47B,19.99M BTC,7.86% (24h),,
2026-03-04 12:24:27,"$73,043.42",$1.46T,$68.73B,19.99M BTC,7.01% (24h),,
2026-03-04 14:05:49,"$73,824.10",$1.47T,$70.28B,19.99M BTC,7.53% (24h),,
2026-03-04 14:48:54,"$73,705.26",$1.47T,$71.97B,19.99M BTC,7.25% (24h),,
2026-03-04 15:19:35,"$73,450.20",$1.46T,$72.33B,19.99M BTC,7.54% (24h),,
2026-03-04 15:51:58,"$73,398.15",$1.46T,$72.55B,19.99M BTC,7.34% (24h),,
2026-03-04 16:28:20,"$73,230.65",$1.46T,$73.27B,19.99M BTC,7.91% (24h),,
2026-03-04 16:57:18,"$73,223.94",$1.46T,$73.8B,19.99M BTC,7.59% (24h),,
2026-03-04 17:25:52,"$73,328.12",$1.46T,$73.51B,19.99M BTC,7.32% (24h),,
2026-03-04 17:57:10,"$72,668.22",$1.45T,$73.41B,19.99M BTC,6.35% (24h),,
2026-03-04 18:24:57,"$72,582.19",$1.45T,$73.97B,19.99M BTC,5.85% (24h),,
2026-03-04 18:53:13,"$72,634.38",$1.45T,$74.53B,19.99M BTC,6.26% (24h),,
2026-03-04 20:19:29,"$73,121.16",$1.46T,$74.9B,19.99M BTC,7.42% (24h),,
2026-03-04 22:39:46,"$72,381.94",$1.44T,$74.48B,19.99M BTC,7.06% (24h),,
2026-03-05 00:05:05,"$72,802.39",$1.45T,$74.46B,19.99M BTC,7.42% (24h),,
2026-03-05 01:00:51,"$72,378.37",$1.44T,$74.7B,19.99M BTC,6.11% (24h),,
2026-03-05 01:56:08,"$72,570.46",$1.45T,$74.86B,19.99M BTC,5.94% (24h),,
2026-03-05 02:38:26,"$72,267.73",$1.44T,$74.51B,19.99M BTC,5.13% (24h),,
2026-03-05 03:05:42,"$71,902.07",$1.43T,$73.7B,19.99M BTC,3.6% (24h),,
2026-03-05 03:59:15,"$72,350.79",$1.44T,$71.94B,19.99M BTC,1.86% (24h),,
2026-03-05 04:43:08,"$72,526.58",$1.45T,$67.81B,19.99M BTC,0.93% (24h),,
2026-03-05 05:26:00,"$72,932.36",$1.45T,$66.19B,19.99M BTC,2.14% (24h),,
2026-03-05 06:06:10,"$73,202.33",$1.46T,$66.11B,19.99M BTC,2.6% (24h),,
2026-03-05 06:46:20,"$72,884.17",$1.45T,$66.75B,19.99M BTC,2.53% (24h),,
2026-03-05 07:04:49,"$72,768.56",$1.45T,$67.04B,19.99M BTC,2.44% (24h),,
2026-03-05 08:24:28,"$72,508.49",$1.45T,$65.44B,19.99M BTC,1.76% (24h),,
2026-03-05 09:12:23,"$72,530.23",$1.45T,$64.8B,19.99M BTC,1.21% (24h),,
2026-03-05 10:09:12,"$71,868.22",$1.43T,$61.76B,19.99M BTC,0.28% (24h),,
2026-03-05 11:01:38,"$71,535.22",$1.43T,$60.57B,19.99M BTC,2.62% (24h),,
2026-03-05 13:09:57,"$70,959.20",$1.41T,$56.64B,19.99M BTC,3.34% (24h),,
2026-03-05 14:36:22,"$70,982.73",$1.41T,$54.99B,19.99M BTC,3.65% (24h),,
2026-03-05 15:08:02,"$70,906.11",$1.41T,$54.11B,19.99M BTC,3.65% (24h),,
2026-03-05 15:52:24,"$71,050.87",$1.42T,$53.6B,19.99M BTC,3.2% (24h),,
2026-03-05 16:27:44,"$71,433.13",$1.42T,$52.95B,19.99M BTC,2.42% (24h),,
2026-03-05 16:58:49,"$71,143.58",$1.42T,$52.72B,19.99M BTC,2.92% (24h),,
2026-03-05 17:29:14,"$71,132.38",$1.42T,$52.61B,19.99M BTC,3% (24h),,
2026-03-05 18:37:10,"$70,958.30",$1.41T,$50.56B,19.99M BTC,2.1% (24h),,
2026-03-05 19:07:36,"$70,921.50",$1.41T,$50.93B,19.99M BTC,2.48% (24h),,
2026-03-05 21:50:10,"$71,298.39",$1.42T,$50.19B,19.99M BTC,1.69% (24h),,
2026-03-05 23:25:42,"$70,951.67",$1.41T,$49.68B,19.99M BTC,2.46% (24h),,
2026-03-06 00:31:08,"$70,369.33",$1.4T,$49.53B,19.99M BTC,2.9% (24h),,
2026-03-06 01:07:10,"$70,352.47",$1.4T,$49.31B,19.99M BTC,2.63% (24h),,
2026-03-06 02:06:51,"$70,766.17",$1.41T,$48.88B,19.99M BTC,2.32% (24h),,
2026-03-06 02:49:21,"$71,103.74",$1.42T,$49.21B,19.99M BTC,1.52% (24h),,
2026-03-06 03:05:41,"$70,973.39",$1.41T,$48.41B,19.99M BTC,1.29% (24h),,
2026-03-06 03:55:09,"$70,826.58",$1.41T,$47.45B,19.99M BTC,2.03% (24h),,
2026-03-06 04:31:38,"$70,401.31",$1.4T,$46.74B,19.99M BTC,3.11% (24h),,
2026-03-06 05:04:48,"$70,642.18",$1.41T,$45.7B,19.99M BTC,2.74% (24h),,
2026-03-06 05:52:51,"$70,527.53",$1.41T,$45.09B,19.99M BTC,3.97% (24h),,
2026-03-06 06:23:30,"$70,555.44",$1.41T,$44.2B,19.99M BTC,3.49% (24h),,
2026-03-06 06:50:28,"$70,300.21",$1.4T,$43.68B,19.99M BTC,3.54% (24h),,
2026-03-06 07:03:42,"$70,178.75",$1.4T,$43.13B,19.99M BTC,3.46% (24h),,
2026-03-06 08:20:02,"$70,028.40",$1.4T,$44.56B,19.99M BTC,3.63% (24h),,
2026-03-06 09:04:46,"$69,224.09",$1.38T,$45.29B,19.99M BTC,4.6% (24h),,
2026-03-06 09:53:56,"$68,399.75",$1.36T,$47.4B,19.99M BTC,5.48% (24h),,
2026-03-06 10:30:19,"$68,889.83",$1.37T,$47.09B,19.99M BTC,3.36% (24h),,
2026-03-06 11:02:08,"$68,535.06",$1.37T,$46.49B,19.99M BTC,4.14% (24h),,
2026-03-06 11:58:01,"$68,479.50",$1.36T,$45.45B,19.99M BTC,3.99% (24h),,
2026-03-06 12:31:56,"$68,224.78",$1.36T,$45.3B,19.99M BTC,3.83% (24h),,
2026-03-06 13:04:15,"$68,133.90",$1.36T,$45.33B,19.99M BTC,3.79% (24h),,
2026-03-06 14:02:11,"$68,282.05",$1.36T,$44.97B,19.99M BTC,3.94% (24h),,
2026-03-06 14:44:09,"$68,220.67",$1.36T,$44.71B,19.99M BTC,4.06% (24h),,
2026-03-06 15:02:56,"$68,251.01",$1.36T,$44.84B,19.99M BTC,3.8% (24h),,
2026-03-06 15:48:24,"$68,058.07",$1.36T,$44.85B,19.99M BTC,4.27% (24h),,
2026-03-06 16:05:17,"$68,137.82",$1.36T,$44.91B,19.99M BTC,4.47% (24h),,
2026-03-06 16:40:50,"$68,162.60",$1.36T,$44.71B,19.99M BTC,4.18% (24h),,
2026-03-06 16:58:15,"$68,281.25",$1.36T,$44.57B,19.99M BTC,4.04% (24h),,
2026-03-06 17:25:13,"$68,313.15",$1.36T,$44.78B,19.99M BTC,4.13% (24h),,
2026-03-06 17:54:31,"$68,428.32",$1.36T,$44.3B,19.99M BTC,4.05% (24h),,
2026-03-06 18:21:48,"$68,351.12",$1.36T,$44.26B,19.99M BTC,3.99% (24h),,
2026-03-06 18:49:13,"$68,230.65",$1.36T,$43.86B,19.99M BTC,3.73% (24h),,
2026-03-06 19:01:46,"$68,131.79",$1.36T,$43.96B,19.99M BTC,3.88% (24h),,
2026-03-06 21:25:54,"$68,138.37",$1.36T,$41.67B,19.99M BTC,4.27% (24h),,
2026-03-06 23:12:36,"$67,961.94",$1.35T,$41.2B,19.99M BTC,4.21% (24h),,
2026-03-07 00:10:19,"$68,104.02",$1.36T,$41.03B,19.99M BTC,3.4% (24h),,
2026-03-07 00:51:53,"$68,052.97",$1.36T,$40.4B,19.99M BTC,3.01% (24h),,
2026-03-07 01:30:23,"$67,866.84",$1.35T,$40.12B,19.99M BTC,3.63% (24h),,
2026-03-07 02:06:07,"$67,612.26",$1.35T,$39.94B,19.99M BTC,4.49% (24h),,
2026-03-07 02:39:38,"$67,685.07",$1.35T,$39.93B,19.99M BTC,4.62% (24h),,
2026-03-07 02:55:20,"$67,827.73",$1.35T,$39.91B,19.99M BTC,4.61% (24h),,
2026-03-07 03:21:50,"$67,939.79",$1.35T,$39.51B,19.99M BTC,4.23% (24h),,
2026-03-07 03:53:59,"$67,918.19",$1.35T,$39.4B,19.99M BTC,4.12% (24h),,
2026-03-07 04:22:42,"$67,955.43",$1.35T,$38.95B,19.99M BTC,3.65% (24h),,
2026-03-07 04:50:29,"$68,001.20",$1.35T,$38.62B,19.99M BTC,3.5% (24h),,
2026-03-07 05:00:59,"$68,018.67",$1.36T,$38.46B,19.99M BTC,3.61% (24h),,
2026-03-07 05:29:15,"$67,929.97",$1.35T,$38.49B,19.99M BTC,3.94% (24h),,
2026-03-07 05:50:10,"$67,976.99",$1.35T,$38.14B,19.99M BTC,3.65% (24h),,
2026-03-07 06:01:06,"$67,873.51",$1.35T,$38.08B,19.99M BTC,3.72% (24h),,
2026-03-07 06:25:06,"$68,143.43",$1.36T,$37.98B,19.99M BTC,3.39% (24h),,
2026-03-07 06:41:57,"$68,079.48",$1.36T,$38.01B,19.99M BTC,3.58% (24h),,
2026-03-07 06:56:03,"$68,067.78",$1.36T,$37.85B,19.99M BTC,3.09% (24h),,
2026-03-07 07:31:04,"$68,027.56",$1.36T,$36.36B,19.99M BTC,2.87% (24h),,
2026-03-07 08:23:19,"$67,998.80",$1.35T,$34.89B,19.99M BTC,2.8% (24h),,
2026-03-07 08:54:34,"$67,931.77",$1.35T,$33.87B,19.99M BTC,2.82% (24h),,
2026-03-07 09:18:25,"$67,749.42",$1.35T,$31.4B,19.99M BTC,1.66% (24h),,
2026-03-07 09:45:01,"$68,019.56",$1.36T,$29.99B,19.99M BTC,0.93% (24h),,
2026-03-07 10:00:05,"$68,020.16",$1.36T,$29.44B,19.99M BTC,0.56% (24h),,
2026-03-07 10:25:32,"$67,946.75",$1.35T,$28.13B,19.99M BTC,1.52% (24h),,
2026-03-07 10:44:33,"$67,827.60",$1.35T,$27.53B,19.99M BTC,1.28% (24h),,
2026-03-07 10:59:13,"$67,903.74",$1.35T,$27.24B,19.99M BTC,0.89% (24h),,
2026-03-07 11:25:45,"$67,799.74",$1.35T,$26.42B,19.99M BTC,0.87% (24h),,
2026-03-07 11:50:04,"$67,775.27",$1.35T,$26.04B,19.99M BTC,1.19% (24h),,
2026-03-07 12:02:44,"$67,846.61",$1.35T,$25.78B,19.99M BTC,0.94% (24h),,
2026-03-07 12:34:38,"$67,871.88",$1.35T,$24.82B,19.99M BTC,0.51% (24h),,
2026-03-07 12:53:13,"$67,869.92",$1.35T,$24.22B,19.99M BTC,0.06% (24h),,
2026-03-07 13:23:31,"$67,665.07",$1.35T,$23.23B,19.99M BTC,0.94% (24h),,
2026-03-07 13:55:57,"$67,585.59",$1.35T,$22.98B,19.99M BTC,0.95% (24h),,
2026-03-07 14:16:56,"$67,527.28",$1.35T,$22.83B,19.99M BTC,1.28% (24h),,
2026-03-07 14:37:13,"$67,305.11",$1.34T,$22.99B,19.99M BTC,1.38% (24h),,
2026-03-07 14:49:39,"$67,213.85",$1.34T,$23.62B,19.99M BTC,1.27% (24h),,
2026-03-07 14:58:21,"$67,110.80",$1.34T,$23.95B,19.99M BTC,1.46% (24h),,
2026-03-07 15:21:17,"$67,213.09",$1.34T,$24.49B,19.99M BTC,1.25% (24h),,
2026-03-07 15:45:18,"$67,403.79",$1.34T,$24.15B,19.99M BTC,0.82% (24h),,
2026-03-07 15:59:50,"$67,403.14",$1.34T,$24.12B,19.99M BTC,1.08% (24h),,
2026-03-07 16:22:27,"$67,437.20",$1.34T,$23.39B,19.99M BTC,0.98% (24h),,
2026-03-07 16:43:22,"$67,339.62",$1.34T,$23.22B,19.99M BTC,1.23% (24h),,
2026-03-07 16:56:26,"$67,376.59",$1.34T,$23.21B,19.99M BTC,1.21% (24h),,
2026-03-07 17:16:07,"$67,334.92",$1.34T,$23.05B,19.99M BTC,1.38% (24h),,
2026-03-07 17:43:45,"$67,300.89",$1.34T,$23.09B,19.99M BTC,1.54% (24h),,
2026-03-07 17:59:33,"$67,232.28",$1.34T,$23.28B,19.99M BTC,1.72% (24h),,
2026-03-07 18:23:43,"$67,372.00",$1.34T,$23.28B,19.99M BTC,1.42% (24h),,
2026-03-07 18:44:00,"$67,330.46",$1.34T,$23.33B,19.99M BTC,1.27% (24h),,
2026-03-07 18:57:28,"$67,269.64",$1.34T,$23.25B,19.99M BTC,1.22% (24h),,
2026-03-07 20:42:53,"$67,238.67",$1.34T,$23.1B,19.99M BTC,1.46% (24h),,
2026-03-07 22:58:42,"$67,043.59",$1.34T,$24.1B,19.99M BTC,1.59% (24h),,
2026-03-08 00:09:35,"$66,935.64",$1.33T,$23.98B,19.99M BTC,1.72% (24h),,
2026-03-08 00:57:29,"$67,174.65",$1.34T,$24.64B,19.99M BTC,1.26% (24h),,
2026-03-08 01:36:08,"$67,065.76",$1.34T,$24.66B,19.99M BTC,1.15% (24h),,
2026-03-08 03:11:01,"$67,368.33",$1.34T,$24.26B,19.99M BTC,0.2% (24h),,
2026-03-08 03:44:24,"$67,345.90",$1.34T,$24.09B,19.99M BTC,0.64% (24h),,
2026-03-08 03:59:46,"$67,310.64",$1.34T,$24.19B,19.99M BTC,0.8% (24h),,
2026-03-08 04:33:20,"$67,268.12",$1.34T,$24.26B,19.99M BTC,1.07% (24h),,
2026-03-08 04:59:57,"$67,536.96",$1.35T,$24.55B,19.99M BTC,0.33% (24h),,
2026-03-08 05:31:40,"$67,783.51",$1.35T,$24.93B,19.99M BTC,0.24% (24h),,
2026-03-08 05:54:34,"$67,705.45",$1.35T,$25.18B,19.99M BTC,0.47% (24h),,
2026-03-08 06:19:32,"$67,916.63",$1.35T,$25.34B,19.99M BTC,0.14% (24h),,
2026-03-08 06:46:56,"$67,929.23",$1.35T,$25.79B,19.99M BTC,0.03% (24h),,
2026-03-08 07:00:39,"$67,889.77",$1.35T,$25.85B,19.99M BTC,0.01% (24h),,
2026-03-08 07:25:02,"$67,710.07",$1.35T,$25.95B,19.99M BTC,0.63% (24h),,
2026-03-08 07:43:17,"$67,476.42",$1.34T,$25.89B,19.99M BTC,0.88% (24h),,
2026-03-08 07:57:08,"$67,538.70",$1.35T,$26.08B,19.99M BTC,0.76% (24h),,
2026-03-08 08:33:19,"$67,379.73",$1.34T,$26.73B,19.99M BTC,0.92% (24h),,
2026-03-08 09:26:48,"$66,928.23",$1.33T,$27.35B,19.99M BTC,1.58% (24h),,
2026-03-08 09:55:53,"$67,192.46",$1.34T,$28.31B,19.99M BTC,1.09% (24h),,
2026-03-08 10:19:25,"$67,348.38",$1.34T,$28.32B,19.99M BTC,0.63% (24h),,
2026-03-08 10:46:22,"$67,076.92",$1.34T,$28.5B,19.99M BTC,1.41% (24h),,
2026-03-08 11:00:44,"$67,323.45",$1.34T,$28.52B,19.99M BTC,1.02% (24h),,
2026-03-08 11:27:13,"$67,215.41",$1.34T,$28.37B,19.99M BTC,1.04% (24h),,
2026-03-08 11:45:22,"$67,181.66",$1.34T,$28.51B,19.99M BTC,0.94% (24h),,
2026-03-08 11:59:07,"$67,197.58",$1.34T,$28.64B,19.99M BTC,1.05% (24h),,
2026-03-08 12:28:26,"$67,112.57",$1.34T,$28.81B,19.99M BTC,1.02% (24h),,
2026-03-08 12:52:50,"$66,907.83",$1.33T,$29.03B,19.99M BTC,1.28% (24h),,
2026-03-08 13:18:18,"$67,121.43",$1.34T,$29.21B,19.99M BTC,1.05% (24h),,
2026-03-08 13:44:09,"$67,042.50",$1.34T,$29.59B,19.99M BTC,1.23% (24h),,
2026-03-08 13:59:12,"$66,975.67",$1.33T,$29.67B,19.99M BTC,1.18% (24h),,
2026-03-08 14:34:13,"$66,966.01",$1.33T,$28.72B,19.99M BTC,0.85% (24h),,
2026-03-08 15:01:27,"$66,814.07",$1.33T,$29.09B,19.99M BTC,1.08% (24h),,
2026-03-08 15:29:32,"$67,209.76",$1.34T,$28.94B,19.99M BTC,0.04% (24h),,
2026-03-08 15:46:05,"$67,343.04",$1.34T,$28.98B,19.99M BTC,0.13% (24h),,
2026-03-08 15:57:41,"$67,316.08",$1.34T,$27.95B,19.99M BTC,0.41% (24h),,
2026-03-08 16:19:37,"$67,211.01",$1.34T,$28.59B,19.99M BTC,0.09% (24h),,
2026-03-08 16:45:49,"$67,305.11",$1.34T,$28.67B,19.99M BTC,0.14% (24h),,
2026-03-08 17:00:53,"$67,242.06",$1.34T,$28.34B,19.99M BTC,0.23% (24h),,
2026-03-08 17:29:02,"$66,972.76",$1.33T,$29.38B,19.99M BTC,0.74% (24h),,
2026-03-08 17:46:44,"$67,009.54",$1.34T,$29.24B,19.99M BTC,0.5% (24h),,
2026-03-08 17:57:39,"$66,974.20",$1.33T,$29.16B,19.99M BTC,0.6% (24h),,
2026-03-08 18:19:34,"$65,914.27",$1.31T,$30.56B,19.99M BTC,2.13% (24h),,
2026-03-08 18:46:16,"$66,128.17",$1.32T,$32.1B,19.99M BTC,1.78% (24h),,
2026-03-08 19:00:12,"$66,246.30",$1.32T,$31.57B,19.99M BTC,1.47% (24h),,
2026-03-08 19:27:54,"$66,497.40",$1.32T,$32.81B,19.99M BTC,1.27% (24h),,
2026-03-08 19:47:04,"$66,063.51",$1.32T,$32.86B,19.99M BTC,1.82% (24h),,
2026-03-08 19:59:15,"$65,967.09",$1.31T,$33.02B,19.99M BTC,1.94% (24h),,
2026-03-08 22:03:08,"$66,231.86",$1.32T,$35.66B,19.99M BTC,1.54% (24h),,
2026-03-09 00:26:26,"$67,463.63",$1.34T,$37.11B,19.99M BTC,0.63% (24h),,
2026-03-09 01:39:18,"$67,543.82",$1.35T,$37.14B,19.99M BTC,0.58% (24h),,
2026-03-09 02:41:44,"$67,308.79",$1.34T,$39.3B,19.99M BTC,0.27% (24h),,
2026-03-09 03:38:35,"$67,431.27",$1.34T,$39.68B,19.99M BTC,0.15% (24h),,
2026-03-09 04:06:59,"$67,519.51",$1.35T,$39.91B,19.99M BTC,0.32% (24h),,
2026-03-09 05:00:03,"$67,799.35",$1.35T,$40.78B,19.99M BTC,0.38% (24h),,
2026-03-09 05:54:36,"$68,125.34",$1.36T,$41.57B,19.99M BTC,0.61% (24h),,
2026-03-09 06:39:10,"$67,653.36",$1.35T,$41.98B,19.99M BTC,0.45% (24h),,
2026-03-09 07:23:44,"$67,482.99",$1.34T,$41.79B,19.99M BTC,0.28% (24h),,
2026-03-09 07:55:31,"$67,825.21",$1.35T,$41.99B,19.99M BTC,0.42% (24h),,
2026-03-09 08:41:44,"$68,302.59",$1.36T,$41.82B,19.99M BTC,1.36% (24h),,
2026-03-09 09:55:17,"$68,866.35",$1.37T,$43.29B,19.99M BTC,2.52% (24h),,
2026-03-09 10:44:26,"$69,350.20",$1.38T,$45.9B,19.99M BTC,3.38% (24h),,
2026-03-09 11:43:46,"$68,783.50",$1.37T,$47.73B,20M BTC,2.35% (24h),,
2026-03-09 12:42:30,"$69,045.71",$1.38T,$48.8B,20M BTC,3.12% (24h),,
2026-03-09 13:36:08,"$68,654.19",$1.37T,$49.48B,20M BTC,2.45% (24h),,
2026-03-09 14:11:31,"$68,444.65",$1.36T,$50.08B,20M BTC,2.19% (24h),,
2026-03-09 15:10:15,"$68,515.71",$1.37T,$50.8B,20M BTC,2.34% (24h),,
2026-03-09 15:50:30,"$68,924.08",$1.37T,$51.98B,20M BTC,2.25% (24h),,
2026-03-09 16:18:31,"$69,024.88",$1.38T,$52.89B,20M BTC,2.84% (24h),,
2026-03-09 16:54:07,"$68,887.54",$1.37T,$52.4B,20M BTC,2.44% (24h),,
2026-03-09 17:26:24,"$68,860.47",$1.37T,$52.31B,20M BTC,2.83% (24h),,
2026-03-09 17:54:35,"$68,964.62",$1.37T,$52.6B,20M BTC,3.02% (24h),,
2026-03-09 18:21:55,"$68,774.75",$1.37T,$50.62B,20M BTC,4.63% (24h),,
2026-03-09 18:51:28,"$68,619.10",$1.37T,$49.71B,20M BTC,3.85% (24h),,
2026-03-09 19:15:51,"$68,654.98",$1.37T,$49.67B,20M BTC,3.52% (24h),,
2026-03-09 19:46:08,"$68,510.64",$1.37T,$49.51B,20M BTC,3.66% (24h),,
2026-03-09 19:59:51,"$68,448.74",$1.36T,$49.51B,20M BTC,3.75% (24h),,
2026-03-09 21:57:58,"$69,281.04",$1.38T,$47.96B,20M BTC,4.53% (24h),,
2026-03-10 00:07:03,"$69,584.84",$1.39T,$49.17B,20M BTC,3.42% (24h),,
2026-03-10 01:15:38,"$70,182.90",$1.4T,$49.81B,20M BTC,4.5% (24h),,
2026-03-10 02:02:15,"$69,915.64",$1.39T,$49.14B,20M BTC,3.04% (24h),,
2026-03-10 03:06:09,"$69,977.51",$1.39T,$49.05B,20M BTC,4.2% (24h),,
2026-03-10 03:52:13,"$70,431.03",$1.4T,$49.69B,20M BTC,4.46% (24h),,
2026-03-10 04:33:32,"$70,934.37",$1.41T,$50.31B,20M BTC,4.61% (24h),,
2026-03-10 05:25:49,"$71,088.70",$1.42T,$50.53B,20M BTC,4.59% (24h),,
2026-03-10 06:06:10,"$71,017.59",$1.42T,$50.53B,20M BTC,4.43% (24h),,
2026-03-10 06:57:48,"$70,831.33",$1.41T,$50.32B,20M BTC,4.8% (24h),,
2026-03-10 07:30:22,"$70,658.60",$1.41T,$50.46B,20M BTC,4.74% (24h),,
2026-03-10 07:56:29,"$70,605.48",$1.41T,$51B,20M BTC,4.11% (24h),,
2026-03-10 08:41:09,"$70,450.67",$1.4T,$50.85B,20M BTC,3.24% (24h),,
2026-03-10 09:49:56,"$70,152.74",$1.4T,$50.32B,20M BTC,1.43% (24h),,
2026-03-10 10:36:46,"$69,956.77",$1.39T,$50.18B,20M BTC,1% (24h),,
2026-03-10 11:41:54,"$70,989.94",$1.41T,$51.57B,20M BTC,3.15% (24h),,
2026-03-10 12:39:05,"$71,332.10",$1.42T,$52.44B,20M BTC,3.55% (24h),,
2026-03-10 13:29:00,"$71,112.83",$1.42T,$52.52B,20M BTC,3.51% (24h),,
2026-03-10 14:08:36,"$70,788.99",$1.41T,$52.95B,20M BTC,3.57% (24h),,
2026-03-10 15:06:27,"$69,970.05",$1.39T,$54.13B,20M BTC,2.16% (24h),,
2026-03-10 15:48:24,"$69,983.70",$1.39T,$53.38B,20M BTC,1.4% (24h),,
2026-03-10 16:05:40,"$70,207.83",$1.4T,$53.25B,20M BTC,1.73% (24h),,
2026-03-10 16:48:37,"$70,299.76",$1.4T,$53.31B,20M BTC,2.14% (24h),,
2026-03-10 17:18:15,"$70,114.62",$1.4T,$52.33B,20M BTC,1.61% (24h),,
2026-03-10 17:45:37,"$69,686.47",$1.39T,$53.3B,20M BTC,1.03% (24h),,
2026-03-10 18:00:42,"$69,827.59",$1.39T,$53.27B,20M BTC,1.25% (24h),,
2026-03-10 18:31:32,"$69,637.97",$1.39T,$52.67B,20M BTC,1.14% (24h),,
2026-03-10 18:57:02,"$69,717.72",$1.39T,$53.45B,20M BTC,1.49% (24h),,
2026-03-10 19:21:42,"$69,725.92",$1.39T,$53.68B,20M BTC,1.68% (24h),,
2026-03-10 19:49:24,"$69,935.51",$1.39T,$53.97B,20M BTC,2.02% (24h),,
2026-03-10 20:00:49,"$69,919.45",$1.39T,$53.99B,20M BTC,2.15% (24h),,
2026-03-10 22:11:54,"$70,061.06",$1.4T,$52.96B,20M BTC,1.26% (24h),,
2026-03-11 00:20:10,"$69,744.25",$1.39T,$51.84B,20M BTC,0.15% (24h),,
2026-03-11 01:24:29,"$69,949.42",$1.39T,$51.71B,20M BTC,0.26% (24h),,
2026-03-11 02:07:37,"$69,607.83",$1.39T,$51.85B,20M BTC,0.44% (24h),,
2026-03-11 03:10:09,"$69,922.12",$1.39T,$50.83B,20M BTC,0.32% (24h),,
2026-03-11 03:53:07,"$69,732.04",$1.39T,$50.2B,20M BTC,0.99% (24h),,
2026-03-11 04:32:25,"$69,513.19",$1.39T,$49.22B,20M BTC,1.99% (24h),,
2026-03-11 05:25:29,"$69,615.48",$1.39T,$48.32B,20M BTC,2.2% (24h),,
2026-03-11 06:06:29,"$69,513.67",$1.39T,$47.72B,20M BTC,2.09% (24h),,
2026-03-11 06:58:11,"$69,614.07",$1.39T,$47.03B,20M BTC,1.71% (24h),,
2026-03-11 07:29:47,"$69,461.00",$1.38T,$47.19B,20M BTC,1.64% (24h),,
2026-03-11 07:56:44,"$69,321.07",$1.38T,$47.02B,20M BTC,1.84% (24h),,
2026-03-11 08:40:32,"$69,370.27",$1.38T,$46.67B,20M BTC,1.56% (24h),,
2026-03-11 09:51:44,"$70,050.83",$1.4T,$48.41B,20M BTC,0.17% (24h),,
2026-03-11 10:37:59,"$70,878.14",$1.41T,$47.45B,20M BTC,1.32% (24h),,
2026-03-11 11:29:27,"$70,317.02",$1.4T,$47.57B,20M BTC,1.47% (24h),,
2026-03-11 12:12:27,"$70,348.34",$1.4T,$46.97B,20M BTC,1.2% (24h),,
2026-03-11 13:13:30,"$70,907.21",$1.41T,$47.19B,20M BTC,0.54% (24h),,
2026-03-11 14:06:26,"$70,846.24",$1.41T,$47.99B,20M BTC,0.02% (24h),,
2026-03-11 15:08:22,"$70,573.69",$1.41T,$47.51B,20M BTC,0.72% (24h),,
2026-03-11 15:49:53,"$70,675.07",$1.41T,$47.15B,20M BTC,1% (24h),,
2026-03-11 16:19:46,"$70,525.97",$1.41T,$46.65B,20M BTC,0.68% (24h),,
2026-03-11 16:53:32,"$70,510.98",$1.41T,$46.66B,20M BTC,0.31% (24h),,
2026-03-11 17:26:55,"$70,600.77",$1.41T,$46.39B,20M BTC,0.77% (24h),,
2026-03-11 17:55:26,"$70,777.22",$1.41T,$45.84B,20M BTC,1.42% (24h),,
2026-03-11 18:21:28,"$70,605.93",$1.41T,$45.57B,20M BTC,1.58% (24h),,
2026-03-11 18:46:40,"$70,409.48",$1.4T,$45.68B,20M BTC,1.13% (24h),,
2026-03-11 19:00:40,"$70,474.71",$1.4T,$45.81B,20M BTC,1.1% (24h),,
2026-03-11 19:30:33,"$70,355.02",$1.4T,$45.73B,20M BTC,0.77% (24h),,
2026-03-11 19:51:42,"$70,297.06",$1.4T,$45.21B,20M BTC,0.49% (24h),,
2026-03-11 20:03:01,"$70,194.28",$1.4T,$45.21B,20M BTC,0.47% (24h),,
2026-03-11 22:53:54,"$69,251.41",$1.38T,$44.44B,20M BTC,0.76% (24h),,
2026-03-12 00:44:05,"$69,399.20",$1.38T,$43.53B,20M BTC,0.84% (24h),,
2026-03-12 01:42:17,"$69,522.67",$1.39T,$43.63B,20M BTC,0.28% (24h),,
2026-03-12 02:37:02,"$69,500.72",$1.39T,$43.3B,20M BTC,0.57% (24h),,
2026-03-12 03:32:45,"$69,743.08",$1.39T,$43.49B,20M BTC,0.02% (24h),,
2026-03-12 04:05:56,"$69,904.04",$1.39T,$43.45B,20M BTC,0.23% (24h),,
2026-03-12 04:59:16,"$69,851.35",$1.39T,$43.83B,20M BTC,0.3% (24h),,
2026-03-12 05:42:19,"$69,987.85",$1.39T,$44.14B,20M BTC,0.58% (24h),,
2026-03-12 06:26:28,"$70,129.54",$1.4T,$43.55B,20M BTC,0.94% (24h),,
2026-03-12 07:05:54,"$70,416.94",$1.4T,$44.74B,20M BTC,1.15% (24h),,
2026-03-12 07:40:40,"$70,662.29",$1.41T,$45.02B,20M BTC,1.7% (24h),,
2026-03-12 07:58:01,"$70,443.77",$1.4T,$45.22B,20M BTC,1.7% (24h),,
2026-03-12 08:46:16,"$70,483.29",$1.4T,$44.75B,20M BTC,1.82% (24h),,
2026-03-12 09:51:09,"$70,091.06",$1.4T,$42.64B,20M BTC,0.23% (24h),,
2026-03-12 10:38:21,"$69,627.82",$1.39T,$42.4B,20M BTC,1.76% (24h),,
2026-03-12 11:38:16,"$70,264.74",$1.4T,$42.32B,20M BTC,0.16% (24h),,
2026-03-12 12:40:09,"$70,434.83",$1.4T,$43.12B,20M BTC,0.37% (24h),,
2026-03-12 13:31:51,"$70,395.52",$1.4T,$41.06B,20M BTC,1.32% (24h),,
2026-03-12 14:30:17,"$70,025.03",$1.4T,$40.44B,20M BTC,0.98% (24h),,
2026-03-12 15:25:39,"$70,107.61",$1.4T,$40.11B,20M BTC,0.63% (24h),,
2026-03-12 15:58:20,"$70,506.36",$1.41T,$40.93B,20M BTC,0.16% (24h),,
2026-03-12 16:31:31,"$70,257.84",$1.4T,$41.32B,20M BTC,0.29% (24h),,
2026-03-12 17:02:28,"$70,284.75",$1.4T,$41.28B,20M BTC,0.58% (24h),,
2026-03-12 17:46:14,"$70,279.13",$1.4T,$41.06B,20M BTC,0.46% (24h),,
2026-03-12 18:02:25,"$70,283.67",$1.4T,$40.9B,20M BTC,0.7% (24h),,
2026-03-12 18:40:51,"$70,087.62",$1.4T,$40.71B,20M BTC,0.4% (24h),,
2026-03-12 19:00:21,"$70,201.82",$1.4T,$40.24B,20M BTC,0.24% (24h),,
2026-03-12 19:53:36,"$70,562.65",$1.41T,$40.93B,20M BTC,0.44% (24h),,
2026-03-12 21:17:59,"$71,691.92",$1.43T,$44.36B,20M BTC,2.52% (24h),,
2026-03-12 23:39:05,"$71,045.52",$1.42T,$44.93B,20M BTC,2.16% (24h),,
2026-03-13 01:04:44,"$71,342.79",$1.42T,$45.69B,20M BTC,2.76% (24h),,
2026-03-13 02:01:13,"$71,580.33",$1.43T,$45.44B,20M BTC,3.12% (24h),,
2026-03-13 03:01:47,"$71,257.04",$1.42T,$46.59B,20M BTC,2.54% (24h),,
2026-03-13 03:50:11,"$71,605.99",$1.43T,$46.04B,20M BTC,2.52% (24h),,
2026-03-13 04:25:03,"$71,571.91",$1.43T,$47.04B,20M BTC,2.31% (24h),,
2026-03-13 05:05:33,"$71,876.51",$1.43T,$48.03B,20M BTC,2.82% (24h),,
2026-03-13 05:55:07,"$72,011.99",$1.44T,$47.77B,20M BTC,2.9% (24h),,
2026-03-13 06:29:19,"$72,340.46",$1.44T,$48.58B,20M BTC,3.14% (24h),,
2026-03-13 07:05:19,"$72,421.79",$1.44T,$48.99B,20M BTC,2.78% (24h),,
2026-03-13 07:42:20,"$72,309.07",$1.44T,$49.13B,20M BTC,2.21% (24h),,
2026-03-13 08:03:18,"$72,325.98",$1.44T,$48.94B,20M BTC,2.75% (24h),,
2026-03-13 09:24:03,"$73,170.42",$1.46T,$49.97B,20M BTC,4.45% (24h),,
2026-03-13 10:11:21,"$73,455.63",$1.46T,$52.04B,20M BTC,4.39% (24h),,
2026-03-13 11:01:12,"$72,419.79",$1.44T,$53.91B,20M BTC,4.08% (24h),,
2026-03-13 11:48:52,"$72,230.28",$1.44T,$56.54B,20M BTC,2.73% (24h),,
2026-03-13 12:23:00,"$71,438.78",$1.42T,$56.9B,20M BTC,1.26% (24h),,
2026-03-13 13:05:52,"$71,961.54",$1.43T,$58.67B,20M BTC,2.09% (24h),,
2026-03-13 13:51:20,"$71,034.36",$1.42T,$59.35B,20M BTC,0.9% (24h),,
2026-03-13 14:23:57,"$70,941.44",$1.41T,$59.08B,20M BTC,1.32% (24h),,
2026-03-13 15:07:24,"$71,078.95",$1.42T,$60.8B,20M BTC,1.68% (24h),,
2026-03-13 15:44:19,"$71,073.99",$1.42T,$60.55B,20M BTC,1.05% (24h),,
2026-03-13 16:03:49,"$71,194.46",$1.42T,$60.48B,20M BTC,1.02% (24h),,
2026-03-13 16:51:35,"$71,403.40",$1.42T,$60.48B,20M BTC,1.64% (24h),,
2026-03-13 17:20:58,"$71,407.66",$1.42T,$60.43B,20M BTC,1.5% (24h),,
2026-03-13 17:52:00,"$71,189.19",$1.42T,$60.92B,20M BTC,1.2% (24h),,
2026-03-13 18:22:27,"$70,708.39",$1.41T,$61.25B,20M BTC,0.77% (24h),,
2026-03-13 18:51:34,"$70,732.77",$1.41T,$61.41B,20M BTC,0.92% (24h),,
2026-03-13 19:16:45,"$70,849.88",$1.41T,$61.17B,20M BTC,0.47% (24h),,
2026-03-13 19:45:44,"$70,934.00",$1.41T,$61.14B,20M BTC,0.42% (24h),,
2026-03-13 20:03:17,"$70,765.07",$1.41T,$61.16B,20M BTC,0.48% (24h),,
2026-03-13 22:49:47,"$70,752.70",$1.41T,$56.46B,20M BTC,0.67% (24h),,
2026-03-14 00:26:31,"$71,134.93",$1.42T,$56.11B,20M BTC,0.2% (24h),,
2026-03-14 01:30:41,"$71,114.25",$1.42T,$56.17B,20M BTC,0.43% (24h),,
2026-03-14 02:07:09,"$70,964.39",$1.41T,$55.71B,20M BTC,0.75% (24h),,
2026-03-14 03:03:45,"$70,684.42",$1.41T,$55.49B,20M BTC,0.86% (24h),,
2026-03-14 03:47:13,"$70,527.03",$1.41T,$54.85B,20M BTC,1.47% (24h),,
2026-03-14 04:02:46,"$70,617.01",$1.41T,$54.69B,20M BTC,1.41% (24h),,
2026-03-14 04:51:35,"$70,558.78",$1.41T,$53.55B,20M BTC,1.77% (24h),,
2026-03-14 05:20:09,"$70,702.51",$1.41T,$52.13B,20M BTC,1.49% (24h),,
2026-03-14 05:51:59,"$70,580.44",$1.41T,$52.39B,20M BTC,2.04% (24h),,
2026-03-14 06:20:40,"$70,489.53",$1.4T,$51.39B,20M BTC,2.74% (24h),,
2026-03-14 06:51:11,"$70,542.80",$1.41T,$50.62B,20M BTC,2.79% (24h),,
2026-03-14 07:04:44,"$70,640.90",$1.41T,$50.56B,20M BTC,2.4% (24h),,
2026-03-14 07:36:20,"$70,695.44",$1.41T,$49.92B,20M BTC,2.25% (24h),,
2026-03-14 07:53:46,"$70,769.69",$1.41T,$49.68B,20M BTC,2.04% (24h),,
2026-03-14 08:33:02,"$70,741.26",$1.41T,$49.32B,20M BTC,2.39% (24h),,
2026-03-14 09:31:47,"$70,916.81",$1.41T,$46.6B,20M BTC,3.13% (24h),,
2026-03-14 10:03:58,"$70,916.86",$1.41T,$44.75B,20M BTC,3.37% (24h),,
2026-03-14 10:42:51,"$70,718.75",$1.41T,$40.45B,20M BTC,3.73% (24h),,
2026-03-14 11:04:32,"$70,674.84",$1.41T,$38.87B,20M BTC,2.36% (24h),,
2026-03-14 11:39:54,"$70,594.56",$1.41T,$35.6B,20M BTC,2.52% (24h),,
2026-03-14 11:57:05,"$70,605.89",$1.41T,$35.1B,20M BTC,1.68% (24h),,
2026-03-14 12:23:53,"$70,628.61",$1.41T,$33.03B,20M BTC,1.09% (24h),,
2026-03-14 12:56:01,"$70,697.32",$1.41T,$31.66B,20M BTC,1.87% (24h),,
2026-03-14 13:21:00,"$70,693.35",$1.41T,$30.51B,20M BTC,1.94% (24h),,
2026-03-14 13:48:22,"$70,667.82",$1.41T,$29B,20M BTC,0.59% (24h),,
2026-03-14 14:02:13,"$70,591.72",$1.41T,$28.77B,20M BTC,0.64% (24h),,
2026-03-14 14:55:54,"$70,673.43",$1.41T,$26.15B,20M BTC,0.58% (24h),,
2026-03-14 15:23:04,"$70,685.51",$1.41T,$25.82B,20M BTC,0.6% (24h),,
2026-03-14 15:47:16,"$70,712.06",$1.41T,$25.53B,20M BTC,0.65% (24h),,
2026-03-14 16:00:32,"$70,709.77",$1.41T,$25.31B,20M BTC,0.65% (24h),,
2026-03-14 16:31:59,"$70,744.93",$1.41T,$24.78B,20M BTC,0.81% (24h),,
2026-03-14 16:57:24,"$70,842.16",$1.41T,$24.47B,20M BTC,0.75% (24h),,
2026-03-14 17:22:06,"$70,705.12",$1.41T,$24.33B,20M BTC,0.96% (24h),,
2026-03-14 17:48:45,"$70,730.25",$1.41T,$23.86B,20M BTC,0.62% (24h),,
2026-03-14 18:01:51,"$70,780.74",$1.41T,$23.71B,20M BTC,0.52% (24h),,
2026-03-14 18:33:37,"$70,760.75",$1.41T,$22.93B,20M BTC,0.26% (24h),,
2026-03-14 18:58:11,"$70,715.43",$1.41T,$22.62B,20M BTC,0.1% (24h),,
2026-03-14 19:24:19,"$71,003.51",$1.42T,$22.52B,20M BTC,0.16% (24h),,
2026-03-14 19:50:02,"$71,158.84",$1.42T,$22.27B,20M BTC,0.29% (24h),,
2026-03-14 20:03:20,"$71,119.52",$1.42T,$22.27B,20M BTC,0.47% (24h),,
2026-03-14 23:29:23,"$71,345.53",$1.42T,$21.55B,20M BTC,0.41% (24h),,
2026-03-15 01:18:30,"$71,773.41",$1.43T,$21.39B,20M BTC,0.98% (24h),,
2026-03-15 02:13:52,"$71,532.32",$1.43T,$21.73B,20M BTC,0.84% (24h),,
2026-03-15 03:15:43,"$71,629.73",$1.43T,$21.2B,20M BTC,1.29% (24h),,
2026-03-15 03:54:53,"$71,430.37",$1.42T,$20.96B,20M BTC,1.19% (24h),,
2026-03-15 04:29:11,"$71,599.51",$1.43T,$20.81B,20M BTC,1.3% (24h),,
2026-03-15 05:02:07,"$71,863.87",$1.43T,$20.82B,20M BTC,1.78% (24h),,
2026-03-15 05:48:50,"$71,732.97",$1.43T,$21.16B,20M BTC,1.68% (24h),,
2026-03-15 06:04:26,"$71,801.90",$1.43T,$20.98B,20M BTC,1.79% (24h),,
2026-03-15 06:47:25,"$71,817.20",$1.43T,$21.08B,20M BTC,1.81% (24h),,
2026-03-15 07:05:03,"$71,751.66",$1.43T,$20.93B,20M BTC,1.54% (24h),,
2026-03-15 07:37:41,"$71,715.75",$1.43T,$20.94B,20M BTC,1.44% (24h),,
2026-03-15 07:54:59,"$71,865.69",$1.43T,$20.94B,20M BTC,1.54% (24h),,
2026-03-15 08:34:39,"$71,711.89",$1.43T,$20.94B,20M BTC,1.41% (24h),,
2026-03-15 09:33:49,"$71,495.86",$1.43T,$21.08B,20M BTC,0.84% (24h),,
2026-03-15 10:07:06,"$71,574.49",$1.43T,$22.02B,20M BTC,0.87% (24h),,
2026-03-15 10:46:29,"$71,456.10",$1.42T,$22.2B,20M BTC,1.16% (24h),,
2026-03-15 11:04:57,"$71,588.63",$1.43T,$22.13B,20M BTC,1.26% (24h),,
2026-03-15 11:41:12,"$71,485.50",$1.42T,$21.95B,20M BTC,1.29% (24h),,
2026-03-15 11:59:09,"$71,489.12",$1.42T,$21.71B,20M BTC,1.25% (24h),,
2026-03-15 12:32:12,"$71,363.57",$1.42T,$21.47B,20M BTC,0.98% (24h),,
2026-03-15 13:01:08,"$71,436.92",$1.42T,$21.6B,20M BTC,1.07% (24h),,
2026-03-15 13:33:12,"$71,505.25",$1.43T,$21.69B,20M BTC,1.13% (24h),,
2026-03-15 13:58:24,"$71,841.57",$1.43T,$21.84B,20M BTC,1.73% (24h),,
2026-03-15 14:36:01,"$71,744.19",$1.43T,$22.05B,20M BTC,1.51% (24h),,
2026-03-15 15:07:41,"$71,450.86",$1.42T,$22.45B,20M BTC,1.13% (24h),,
2026-03-15 15:39:24,"$71,508.11",$1.43T,$22.73B,20M BTC,1.18% (24h),,
2026-03-15 15:55:30,"$71,535.73",$1.43T,$22.68B,20M BTC,1.16% (24h),,
2026-03-15 16:20:48,"$71,519.35",$1.43T,$22.54B,20M BTC,1.09% (24h),,
2026-03-15 16:50:04,"$71,798.72",$1.43T,$22.97B,20M BTC,1.34% (24h),,
2026-03-15 17:14:35,"$71,655.54",$1.43T,$23.08B,20M BTC,1.38% (24h),,
2026-03-15 17:45:55,"$72,209.92",$1.44T,$23.55B,20M BTC,2.04% (24h),,
2026-03-15 18:01:20,"$72,023.47",$1.44T,$23.72B,20M BTC,1.75% (24h),,
2026-03-15 18:34:22,"$72,087.84",$1.44T,$24.49B,20M BTC,1.86% (24h),,
2026-03-15 19:00:21,"$72,835.10",$1.45T,$26.65B,20M BTC,2.98% (24h),,
2026-03-15 19:32:04,"$72,564.31",$1.45T,$27.48B,20M BTC,2.13% (24h),,
2026-03-15 19:57:49,"$72,777.73",$1.45T,$28.13B,20M BTC,2.19% (24h),,
2026-03-15 21:55:00,"$72,847.78",$1.45T,$29.5B,20M BTC,2.58% (24h),,
2026-03-16 00:35:01,"$73,710.21",$1.47T,$33.48B,20M BTC,2.99% (24h),,
2026-03-16 02:09:27,"$73,756.20",$1.47T,$36.55B,20M BTC,3.06% (24h),,
2026-03-16 03:47:53,"$73,511.93",$1.47T,$39.03B,20M BTC,2.89% (24h),,
2026-03-16 04:42:48,"$73,143.28",$1.46T,$39.98B,20M BTC,2.22% (24h),,
2026-03-16 05:49:09,"$73,224.48",$1.46T,$41.24B,20M BTC,2.07% (24h),,
2026-03-16 06:42:26,"$73,261.74",$1.46T,$41.57B,20M BTC,2.01% (24h),,
2026-03-16 07:35:51,"$73,578.12",$1.47T,$42.35B,20M BTC,2.58% (24h),,
2026-03-16 08:09:02,"$73,510.39",$1.47T,$42.53B,20M BTC,2.45% (24h),,
2026-03-16 09:52:19,"$74,049.52",$1.48T,$43.26B,20M BTC,3.58% (24h),,
2026-03-16 10:55:36,"$73,379.57",$1.46T,$47.15B,20M BTC,2.55% (24h),,
2026-03-16 12:00:06,"$73,281.42",$1.46T,$47.77B,20M BTC,2.51% (24h),,
2026-03-16 13:01:59,"$73,890.34",$1.47T,$49.97B,20M BTC,3.45% (24h),,
2026-03-16 14:03:22,"$73,961.58",$1.47T,$52.33B,20M BTC,2.99% (24h),,
2026-03-16 15:19:45,"$74,118.75",$1.48T,$54.24B,20M BTC,3.73% (24h),,
2026-03-16 15:58:25,"$73,905.82",$1.47T,$55.17B,20M BTC,3.27% (24h),,
2026-03-16 16:36:28,"$74,030.66",$1.48T,$55.46B,20M BTC,3.28% (24h),,
2026-03-16 17:10:42,"$74,304.37",$1.48T,$55.94B,20M BTC,3.68% (24h),,
2026-03-16 17:54:22,"$74,519.40",$1.49T,$56.91B,20M BTC,3.42% (24h),,
2026-03-16 18:25:48,"$74,652.70",$1.49T,$56.99B,20M BTC,3.81% (24h),,
2026-03-16 18:56:31,"$74,706.74",$1.49T,$56.6B,20M BTC,2.7% (24h),,
2026-03-16 19:25:40,"$74,532.26",$1.49T,$55.45B,20M BTC,2.69% (24h),,
2026-03-16 19:50:52,"$74,839.50",$1.49T,$55.38B,20M BTC,2.96% (24h),,
2026-03-16 20:56:37,"$74,992.73",$1.5T,$57.38B,20M BTC,3.31% (24h),,
2026-03-16 23:30:41,"$74,818.26",$1.49T,$60.71B,20M BTC,2.68% (24h),,
2026-03-17 01:10:39,"$74,305.24",$1.48T,$58.67B,20M BTC,0.57% (24h),,
2026-03-17 02:13:19,"$74,112.41",$1.48T,$57.76B,20M BTC,0.63% (24h),,
2026-03-17 03:21:38,"$74,366.96",$1.48T,$57.39B,20M BTC,0.81% (24h),,
2026-03-17 04:06:21,"$74,418.92",$1.48T,$56.99B,20M BTC,1.01% (24h),,
2026-03-17 05:05:48,"$74,108.36",$1.48T,$55.44B,20M BTC,1.34% (24h),,
2026-03-17 06:05:49,"$73,938.55",$1.47T,$55.86B,20M BTC,0.73% (24h),,
2026-03-17 07:04:38,"$73,773.01",$1.47T,$55.81B,20M BTC,0.04% (24h),,
2026-03-17 07:53:22,"$74,171.67",$1.48T,$56.3B,20M BTC,0.76% (24h),,
2026-03-17 08:51:28,"$73,739.54",$1.47T,$55.46B,20M BTC,0.06% (24h),,
2026-03-17 10:10:36,"$73,736.54",$1.47T,$53.94B,20M BTC,0.85% (24h),,
2026-03-17 11:16:38,"$74,188.05",$1.48T,$53.32B,20M BTC,0.76% (24h),,
2026-03-17 12:19:54,"$74,217.94",$1.48T,$53.95B,20M BTC,1.04% (24h),,
2026-03-17 13:32:32,"$74,351.96",$1.48T,$53.99B,20M BTC,0.76% (24h),,
2026-03-17 14:34:36,"$74,644.21",$1.49T,$53.02B,20M BTC,0.44% (24h),,
2026-03-17 15:39:04,"$74,757.89",$1.49T,$52.56B,20M BTC,0.83% (24h),,
2026-03-17 16:07:15,"$74,445.58",$1.48T,$52.51B,20M BTC,0.74% (24h),,
2026-03-17 16:54:49,"$74,553.17",$1.49T,$52.74B,20M BTC,0.53% (24h),,
2026-03-17 17:30:32,"$74,552.96",$1.49T,$52.3B,20M BTC,0.38% (24h),,
2026-03-17 18:04:09,"$74,761.02",$1.49T,$51.45B,20M BTC,0.33% (24h),,
2026-03-17 18:49:46,"$74,206.57",$1.48T,$50.59B,20M BTC,0.83% (24h),,
2026-03-17 19:19:12,"$74,302.13",$1.48T,$49.77B,20M BTC,0.26% (24h),,
2026-03-17 19:49:54,"$74,051.43",$1.48T,$49.47B,20M BTC,1.03% (24h),,
2026-03-17 21:00:11,"$73,880.09",$1.47T,$46.98B,20M BTC,1.86% (24h),,
2026-03-17 23:42:28,"$74,508.05",$1.49T,$42.82B,20M BTC,0.17% (24h),,
2026-03-18 01:18:43,"$74,272.15",$1.48T,$39.36B,20M BTC,0.11% (24h),,
2026-03-18 02:17:51,"$74,084.59",$1.48T,$38.24B,20M BTC,0.08% (24h),,
2026-03-18 03:21:08,"$73,889.04",$1.47T,$37.69B,20M BTC,0.64% (24h),,
2026-03-18 04:04:04,"$73,956.54",$1.47T,$37.54B,20M BTC,0.65% (24h),,
2026-03-18 05:04:56,"$74,095.92",$1.48T,$37.49B,20M BTC,0.05% (24h),,
2026-03-18 06:08:00,"$74,123.30",$1.48T,$35.84B,20M BTC,0.58% (24h),,
2026-03-18 07:07:04,"$73,771.36",$1.47T,$35.81B,20M BTC,0.16% (24h),,
2026-03-18 07:56:33,"$72,945.28",$1.45T,$37.43B,20M BTC,1.58% (24h),,
2026-03-18 08:51:57,"$72,423.91",$1.44T,$39.38B,20M BTC,1.79% (24h),,
2026-03-18 10:18:59,"$71,917.89",$1.43T,$39.56B,20M BTC,2.37% (24h),,
2026-03-18 11:42:21,"$71,358.31",$1.42T,$42.28B,20M BTC,3.31% (24h),,
2026-03-18 12:44:57,"$71,284.80",$1.42T,$43.12B,20M BTC,3.83% (24h),,
2026-03-18 13:47:41,"$71,716.66",$1.43T,$43.49B,20M BTC,3.65% (24h),,
2026-03-18 14:39:29,"$71,598.18",$1.43T,$44.24B,20M BTC,4.09% (24h),,
2026-03-18 15:35:33,"$71,151.23",$1.42T,$44.78B,20M BTC,4.56% (24h),,
2026-03-18 16:04:02,"$70,955.87",$1.41T,$45.03B,20M BTC,4.73% (24h),,
2026-03-18 16:54:15,"$71,241.59",$1.42T,$46.18B,20M BTC,4.45% (24h),,
2026-03-18 17:28:58,"$71,276.52",$1.42T,$46.02B,20M BTC,4.5% (24h),,
2026-03-18 17:59:14,"$71,286.75",$1.42T,$45.95B,20M BTC,4.56% (24h),,
2026-03-18 18:32:28,"$71,006.01",$1.42T,$46.18B,20M BTC,4.46% (24h),,
2026-03-18 19:01:47,"$71,094.50",$1.42T,$45.94B,20M BTC,4.35% (24h),,
2026-03-18 19:40:31,"$71,328.26",$1.42T,$46.01B,20M BTC,3.72% (24h),,
2026-03-18 19:59:08,"$71,252.04",$1.42T,$46.22B,20M BTC,3.63% (24h),,
2026-03-18 21:58:46,"$71,154.43",$1.42T,$46.06B,20M BTC,3.97% (24h),,
2026-03-19 00:23:35,"$70,817.58",$1.41T,$46.5B,20M BTC,4.8% (24h),,
2026-03-19 01:42:31,"$70,868.00",$1.41T,$46.66B,20M BTC,4.32% (24h),,
2026-03-19 02:40:59,"$70,680.88",$1.41T,$46.47B,20M BTC,4.59% (24h),,
2026-03-19 03:36:00,"$69,980.81",$1.39T,$48.44B,20M BTC,5.14% (24h),,
2026-03-19 04:07:02,"$70,127.60",$1.4T,$49.31B,20M BTC,5.25% (24h),,
2026-03-19 05:00:13,"$70,002.33",$1.4T,$50.36B,20M BTC,5.45% (24h),,
2026-03-19 05:45:07,"$70,449.51",$1.4T,$51.15B,20M BTC,5.12% (24h),,
2026-03-19 09:06:20,"$69,335.97",$1.38T,$48.45B,20M BTC,4.25% (24h),,
2026-03-19 09:52:05,"$69,912.89",$1.39T,$48.72B,20M BTC,3.11% (24h),,
2026-03-19 10:39:03,"$69,132.67",$1.38T,$48.46B,20M BTC,3.62% (24h),,
2026-03-19 11:32:15,"$69,232.19",$1.38T,$46.1B,20M BTC,2.83% (24h),,
2026-03-19 12:37:01,"$69,338.78",$1.38T,$47.09B,20M BTC,2.42% (24h),,
2026-03-19 13:38:41,"$69,549.47",$1.39T,$46.95B,20M BTC,2.83% (24h),,
2026-03-19 14:31:34,"$69,678.84",$1.39T,$45.93B,20M BTC,3% (24h),,
2026-03-19 15:29:50,"$70,288.26",$1.4T,$45.72B,20M BTC,1.41% (24h),,
2026-03-19 16:02:46,"$70,241.56",$1.4T,$45.9B,20M BTC,1.12% (24h),,
2026-03-19 16:45:03,"$70,527.85",$1.41T,$44.69B,20M BTC,0.9% (24h),,
2026-03-19 17:21:42,"$70,587.80",$1.41T,$44.59B,20M BTC,1.04% (24h),,
2026-03-19 17:53:01,"$70,415.20",$1.4T,$44.83B,20M BTC,1.25% (24h),,
2026-03-19 18:20:49,"$70,436.28",$1.4T,$44.45B,20M BTC,0.94% (24h),,
2026-03-19 18:52:58,"$70,140.42",$1.4T,$44.81B,20M BTC,1.31% (24h),,
2026-03-19 19:23:28,"$70,016.93",$1.4T,$44.68B,20M BTC,1.53% (24h),,
2026-03-19 19:52:18,"$69,838.60",$1.39T,$44.62B,20M BTC,1.98% (24h),,
2026-03-19 21:19:22,"$70,379.78",$1.4T,$44.76B,20M BTC,0.95% (24h),,
2026-03-19 23:40:52,"$70,626.67",$1.41T,$44.62B,20M BTC,0.94% (24h),,
2026-03-20 01:07:55,"$70,755.19",$1.41T,$44.84B,20M BTC,0.06% (24h),,
2026-03-20 02:04:21,"$70,617.54",$1.41T,$44.73B,20M BTC,0.21% (24h),,
2026-03-20 03:11:14,"$70,344.95",$1.4T,$44.45B,20M BTC,0.27% (24h),,
2026-03-20 03:54:35,"$70,890.61",$1.41T,$42.65B,20M BTC,0.92% (24h),,
2026-03-20 04:33:11,"$71,140.61",$1.42T,$42.92B,20M BTC,1.5% (24h),,
2026-03-20 05:10:41,"$70,917.72",$1.41T,$42.41B,20M BTC,1.14% (24h),,
2026-03-20 05:58:26,"$70,569.54",$1.41T,$42.17B,20M BTC,0.05% (24h),,
2026-03-20 06:35:39,"$70,409.66",$1.4T,$41.21B,20M BTC,0.13% (24h),,
2026-03-20 07:08:26,"$70,718.81",$1.41T,$42.09B,20M BTC,0.81% (24h),,
2026-03-20 07:44:07,"$70,396.48",$1.4T,$42.38B,20M BTC,0.55% (24h),,
2026-03-20 08:03:18,"$70,437.18",$1.4T,$42.13B,20M BTC,0.76% (24h),,
2026-03-20 09:23:02,"$70,487.81",$1.41T,$40.01B,20M BTC,1.58% (24h),,
2026-03-20 10:11:58,"$69,802.68",$1.39T,$39.49B,20M BTC,0.3% (24h),,
2026-03-20 11:05:48,"$69,633.07",$1.39T,$39.82B,20M BTC,0.18% (24h),,
2026-03-20 11:55:55,"$69,829.36",$1.39T,$39.3B,20M BTC,0.58% (24h),,
2026-03-20 12:34:45,"$69,885.39",$1.39T,$38.86B,20M BTC,0.74% (24h),,
2026-03-20 13:22:47,"$69,746.25",$1.39T,$38.85B,20M BTC,0.43% (24h),,
2026-03-20 14:00:03,"$69,960.43",$1.39T,$39.1B,20M BTC,0.15% (24h),,
2026-03-20 14:53:01,"$69,837.45",$1.39T,$39.35B,20M BTC,0.28% (24h),,
2026-03-20 15:33:49,"$69,849.83",$1.39T,$38.48B,20M BTC,0.63% (24h),,
2026-03-20 16:01:16,"$70,151.67",$1.4T,$38.19B,20M BTC,0.08% (24h),,
2026-03-20 16:38:09,"$69,834.66",$1.39T,$38.3B,20M BTC,0.93% (24h),,
2026-03-20 17:02:22,"$70,007.61",$1.4T,$37.86B,20M BTC,0.72% (24h),,
2026-03-20 17:41:43,"$70,436.26",$1.4T,$38.51B,20M BTC,0.06% (24h),,
2026-03-20 18:01:31,"$70,640.02",$1.41T,$38.58B,20M BTC,0.21% (24h),,
2026-03-20 18:34:55,"$70,662.24",$1.41T,$38.94B,20M BTC,0.63% (24h),,
2026-03-20 19:00:15,"$70,794.30",$1.41T,$38.66B,20M BTC,0.94% (24h),,
2026-03-20 19:31:49,"$70,487.18",$1.4T,$38.66B,20M BTC,0.46% (24h),,
2026-03-20 19:56:17,"$70,519.71",$1.41T,$38.34B,20M BTC,0.81% (24h),,
2026-03-20 21:15:51,"$70,671.34",$1.41T,$37.01B,20M BTC,0.36% (24h),,
2026-03-20 23:32:10,"$70,665.75",$1.41T,$36.05B,20M BTC,0.1% (24h),,
2026-03-21 00:55:53,"$70,640.21",$1.41T,$35.1B,20M BTC,0.15% (24h),,
2026-03-21 01:37:14,"$70,760.62",$1.41T,$35.08B,20M BTC,0.17% (24h),,
2026-03-21 02:06:28,"$70,714.47",$1.41T,$35.55B,20M BTC,0.16% (24h),,
2026-03-21 03:01:18,"$70,771.00",$1.41T,$35.5B,20M BTC,0.55% (24h),,
2026-03-21 03:37:09,"$70,779.12",$1.41T,$34.41B,20M BTC,0.14% (24h),,
2026-03-21 03:57:25,"$70,696.83",$1.41T,$33.97B,20M BTC,0.23% (24h),,
2026-03-21 04:25:31,"$70,568.58",$1.41T,$33.28B,20M BTC,0.95% (24h),,
2026-03-21 04:55:46,"$70,572.58",$1.41T,$33.16B,20M BTC,0.74% (24h),,
2026-03-21 05:25:41,"$70,638.91",$1.41T,$32.46B,20M BTC,0.22% (24h),,
2026-03-21 05:53:44,"$70,660.54",$1.41T,$31.98B,20M BTC,0.17% (24h),,
2026-03-21 06:19:55,"$70,572.95",$1.41T,$31.75B,20M BTC,0.26% (24h),,
2026-03-21 06:49:38,"$70,565.00",$1.41T,$31.43B,20M BTC,0.02% (24h),,
2026-03-21 07:03:11,"$70,592.42",$1.41T,$31.29B,20M BTC,0.01% (24h),,
2026-03-21 07:35:01,"$70,585.72",$1.41T,$31.05B,20M BTC,0.16% (24h),,
2026-03-21 07:52:33,"$70,611.51",$1.41T,$30.85B,20M BTC,0.36% (24h),,
2026-03-21 08:31:44,"$70,739.73",$1.41T,$30.41B,20M BTC,0.41% (24h),,
2026-03-21 09:27:12,"$70,730.33",$1.41T,$29.59B,20M BTC,0.21% (24h),,
2026-03-21 09:58:31,"$70,718.10",$1.41T,$28.46B,20M BTC,1.15% (24h),,
2026-03-21 10:24:18,"$70,942.73",$1.41T,$27.44B,20M BTC,1.79% (24h),,
2026-03-21 10:52:36,"$70,667.24",$1.41T,$26.36B,20M BTC,1.18% (24h),,
2026-03-21 11:19:53,"$70,495.04",$1.41T,$25.67B,20M BTC,1.19% (24h),,
2026-03-21 11:44:59,"$70,656.86",$1.41T,$25.28B,20M BTC,1.02% (24h),,
2026-03-21 12:00:45,"$70,596.02",$1.41T,$25.17B,20M BTC,1.05% (24h),,
2026-03-21 12:35:15,"$70,445.46",$1.4T,$24.41B,20M BTC,0.83% (24h),,
2026-03-21 12:59:09,"$70,293.56",$1.4T,$23.93B,20M BTC,0.61% (24h),,
2026-03-21 13:25:36,"$70,374.62",$1.4T,$23.62B,20M BTC,0.84% (24h),,
2026-03-21 13:49:38,"$70,365.47",$1.4T,$23.19B,20M BTC,1.06% (24h),,
2026-03-21 14:01:37,"$70,314.30",$1.4T,$22.91B,20M BTC,0.46% (24h),,
2026-03-21 14:44:32,"$70,469.79",$1.4T,$22.26B,20M BTC,1.08% (24h),,
2026-03-21 15:06:52,"$70,406.72",$1.4T,$21.82B,20M BTC,0.81% (24h),,
2026-03-21 15:35:47,"$70,363.78",$1.4T,$21.57B,20M BTC,0.82% (24h),,
2026-03-21 15:51:55,"$70,341.65",$1.4T,$21.3B,20M BTC,0.57% (24h),,
2026-03-21 16:00:46,"$70,379.11",$1.4T,$21.24B,20M BTC,0.31% (24h),,
2026-03-21 16:31:47,"$70,464.94",$1.4T,$20.81B,20M BTC,0.74% (24h),,
2026-03-21 16:56:17,"$70,451.82",$1.4T,$20.78B,20M BTC,0.59% (24h),,
2026-03-21 17:18:49,"$70,384.20",$1.4T,$20.79B,20M BTC,0.22% (24h),,
2026-03-21 17:43:25,"$70,371.86",$1.4T,$20.24B,20M BTC,0.04% (24h),,
2026-03-21 17:59:18,"$70,344.04",$1.4T,$20.13B,20M BTC,0.25% (24h),,
2026-03-21 18:24:39,"$70,290.12",$1.4T,$19.68B,20M BTC,0.62% (24h),,
2026-03-21 18:49:01,"$70,286.29",$1.4T,$19.61B,20M BTC,0.53% (24h),,
2026-03-21 19:03:03,"$70,232.67",$1.4T,$19.67B,20M BTC,0.64% (24h),,
2026-03-21 19:37:32,"$70,151.31",$1.4T,$19.5B,20M BTC,0.48% (24h),,
2026-03-21 19:54:56,"$69,055.16",$1.38T,$20.54B,20M BTC,2.15% (24h),,
2026-03-21 21:23:27,"$69,020.23",$1.38T,$24.76B,20M BTC,2.28% (24h),,
2026-03-21 23:59:06,"$69,332.06",$1.38T,$26.22B,20M BTC,1.9% (24h),,
2026-03-22 01:19:31,"$69,258.89",$1.38T,$26.56B,20M BTC,2.08% (24h),,
2026-03-22 02:09:54,"$69,083.44",$1.38T,$25.98B,20M BTC,2.31% (24h),,
2026-03-22 03:07:42,"$69,213.31",$1.38T,$25.43B,20M BTC,2.16% (24h),,
2026-03-22 03:48:28,"$69,013.92",$1.38T,$25.45B,20M BTC,2.39% (24h),,
2026-03-22 04:03:21,"$68,748.38",$1.37T,$25.46B,20M BTC,2.76% (24h),,
2026-03-22 04:51:25,"$68,760.58",$1.37T,$25.9B,20M BTC,2.58% (24h),,
2026-03-22 05:19:23,"$68,695.67",$1.37T,$25.91B,20M BTC,2.79% (24h),,
2026-03-22 05:51:03,"$68,794.12",$1.37T,$26.23B,20M BTC,2.6% (24h),,
2026-03-22 06:03:25,"$68,795.29",$1.37T,$26.32B,20M BTC,2.62% (24h),,
2026-03-22 06:43:47,"$68,627.28",$1.37T,$26.16B,20M BTC,2.77% (24h),,
2026-03-22 07:03:01,"$68,610.85",$1.37T,$26.37B,20M BTC,2.8% (24h),,
2026-03-22 07:35:38,"$68,475.39",$1.36T,$26.59B,20M BTC,2.98% (24h),,
2026-03-22 07:53:17,"$68,239.50",$1.36T,$26.6B,20M BTC,3.35% (24h),,
2026-03-22 08:33:00,"$68,652.43",$1.37T,$27.58B,20M BTC,2.94% (24h),,
2026-03-22 09:31:01,"$68,828.44",$1.37T,$28.16B,20M BTC,2.67% (24h),,
2026-03-22 10:01:04,"$68,741.57",$1.37T,$28.3B,20M BTC,2.85% (24h),,
2026-03-22 10:33:18,"$68,820.92",$1.37T,$28B,20M BTC,2.97% (24h),,
2026-03-22 10:58:11,"$68,693.92",$1.37T,$27.87B,20M BTC,2.68% (24h),,
2026-03-22 11:22:57,"$68,825.38",$1.37T,$27.96B,20M BTC,2.46% (24h),,
2026-03-22 11:47:51,"$68,787.75",$1.37T,$27.87B,20M BTC,2.61% (24h),,
2026-03-22 12:01:27,"$68,838.07",$1.37T,$27.87B,20M BTC,2.49% (24h),,
2026-03-22 12:37:06,"$68,779.47",$1.37T,$27.81B,20M BTC,2.37% (24h),,
2026-03-22 13:00:07,"$68,816.87",$1.37T,$27.7B,20M BTC,2.1% (24h),,
2026-03-22 13:27:25,"$68,810.24",$1.37T,$27.6B,20M BTC,2.2% (24h),,
2026-03-22 13:50:42,"$68,713.28",$1.37T,$27.57B,20M BTC,2.34% (24h),,
2026-03-22 14:03:00,"$68,617.06",$1.37T,$27.6B,20M BTC,2.43% (24h),,
2026-03-22 14:54:27,"$68,555.11",$1.37T,$27.87B,20M BTC,2.58% (24h),,
2026-03-22 15:21:02,"$68,358.72",$1.36T,$27.96B,20M BTC,2.93% (24h),,
2026-03-22 15:43:56,"$68,385.26",$1.36T,$28.18B,20M BTC,2.76% (24h),,
2026-03-22 15:58:06,"$68,199.78",$1.36T,$29.02B,20M BTC,3.09% (24h),,
2026-03-22 16:23:45,"$68,458.87",$1.36T,$29.1B,20M BTC,2.78% (24h),,
2026-03-22 16:51:09,"$68,303.72",$1.36T,$28.92B,20M BTC,3.04% (24h),,
2026-03-22 17:14:34,"$67,734.44",$1.35T,$29.41B,20M BTC,3.73% (24h),,
2026-03-22 17:44:23,"$67,867.85",$1.35T,$30.47B,20M BTC,3.55% (24h),,
2026-03-22 18:00:27,"$67,776.58",$1.35T,$30.57B,20M BTC,3.65% (24h),,
2026-03-22 18:29:25,"$68,310.78",$1.36T,$31.18B,20M BTC,2.79% (24h),,
2026-03-22 18:53:57,"$68,308.40",$1.36T,$31.48B,20M BTC,2.8% (24h),,
2026-03-22 19:20:54,"$68,201.94",$1.36T,$31.47B,20M BTC,2.82% (24h),,
2026-03-22 19:48:07,"$68,049.09",$1.36T,$31.52B,20M BTC,2.49% (24h),,
2026-03-22 20:04:59,"$67,948.32",$1.35T,$30.08B,20M BTC,0.67% (24h),,
2026-03-22 23:22:00,"$68,226.99",$1.36T,$28.07B,20M BTC,1.57% (24h),,
2026-03-23 01:18:03,"$68,761.99",$1.37T,$27.92B,20M BTC,0.64% (24h),,
2026-03-23 02:19:10,"$68,592.59",$1.37T,$28.79B,20M BTC,0.73% (24h),,
2026-03-23 03:42:23,"$68,239.97",$1.36T,$31.14B,20M BTC,1.11% (24h),,
2026-03-23 04:38:03,"$68,569.50",$1.37T,$32.09B,20M BTC,0.17% (24h),,
2026-03-23 05:43:25,"$68,130.53",$1.36T,$32.52B,20M BTC,0.96% (24h),,
2026-03-23 06:39:18,"$68,404.97",$1.36T,$33.02B,20M BTC,0.4% (24h),,
2026-03-23 07:29:36,"$70,653.16",$1.41T,$39.29B,20M BTC,3.25% (24h),,
2026-03-23 08:03:29,"$69,717.87",$1.39T,$41.41B,20M BTC,2.11% (24h),,
2026-03-23 09:44:54,"$71,301.96",$1.42T,$44.87B,20M BTC,3.96% (24h),,
2026-03-23 10:44:43,"$71,396.69",$1.42T,$47.98B,20M BTC,3.68% (24h),,
2026-03-23 11:45:16,"$70,615.11",$1.41T,$48.78B,20M BTC,2.61% (24h),,
2026-03-23 12:38:37,"$70,458.24",$1.4T,$50.64B,20M BTC,2.44% (24h),,
2026-03-23 13:31:52,"$70,587.59",$1.41T,$53.05B,20M BTC,2.57% (24h),,
2026-03-23 14:29:55,"$70,891.67",$1.41T,$53.74B,20M BTC,3.19% (24h),,
2026-03-23 15:28:15,"$71,006.78",$1.42T,$54.15B,20M BTC,3.87% (24h),,
2026-03-23 16:03:09,"$70,589.04",$1.41T,$52.48B,20M BTC,3.36% (24h),,
2026-03-23 16:52:11,"$70,897.93",$1.41T,$54.43B,20M BTC,4% (24h),,
2026-03-23 17:30:14,"$70,879.79",$1.41T,$52.87B,20M BTC,4.54% (24h),,
2026-03-23 17:57:58,"$70,895.90",$1.41T,$52.61B,20M BTC,4.51% (24h),,
2026-03-23 18:28:33,"$70,647.93",$1.41T,$51.98B,20M BTC,3.49% (24h),,
2026-03-23 19:00:43,"$70,766.93",$1.41T,$51.64B,20M BTC,3.58% (24h),,
2026-03-23 19:36:10,"$70,628.35",$1.41T,$51.36B,20M BTC,3.77% (24h),,
2026-03-23 19:59:40,"$70,903.69",$1.41T,$51.5B,20M BTC,4.51% (24h),,
2026-03-23 22:04:43,"$70,624.77",$1.41T,$50.59B,20M BTC,3.99% (24h),,
2026-03-24 00:27:01,"$70,549.79",$1.41T,$50.42B,20M BTC,3.53% (24h),,
2026-03-24 01:42:35,"$70,330.81",$1.4T,$50.13B,20M BTC,2.46% (24h),,
2026-03-24 02:45:42,"$70,447.75",$1.4T,$49.8B,20M BTC,3.88% (24h),,
2026-03-24 03:43:26,"$70,878.32",$1.41T,$49.41B,20M BTC,3.87% (24h),,
2026-03-24 05:35:06,"$71,006.33",$1.42T,$48.43B,20M BTC,4.38% (24h),,
2026-03-24 06:31:22,"$71,098.05",$1.42T,$48.57B,20M BTC,3.89% (24h),,
2026-03-24 07:26:29,"$70,999.51",$1.42T,$43.5B,20M BTC,0.41% (24h),,
2026-03-24 08:02:47,"$71,044.80",$1.42T,$40.39B,20M BTC,1.83% (24h),,
2026-03-24 09:48:14,"$70,343.87",$1.4T,$37.8B,20M BTC,1.1% (24h),,
2026-03-24 10:46:19,"$69,606.87",$1.39T,$37.26B,20M BTC,2.32% (24h),,
2026-03-24 11:48:46,"$69,977.87",$1.39T,$38.05B,20M BTC,0.91% (24h),,
2026-03-24 12:45:31,"$69,556.27",$1.39T,$36.43B,20M BTC,1.25% (24h),,
2026-03-24 13:41:33,"$69,165.34",$1.38T,$36.87B,20M BTC,2.54% (24h),,
2026-03-24 14:39:36,"$69,631.84",$1.39T,$37.47B,20M BTC,2.02% (24h),,
2026-03-24 15:39:27,"$69,404.70",$1.38T,$37.43B,20M BTC,2.16% (24h),,
2026-03-24 16:07:44,"$69,283.69",$1.38T,$37.22B,20M BTC,1.91% (24h),,
2026-03-24 16:55:46,"$70,067.42",$1.4T,$38.06B,20M BTC,1.19% (24h),,
2026-03-24 17:31:36,"$70,070.17",$1.4T,$38.52B,20M BTC,1.14% (24h),,
2026-03-24 18:03:11,"$70,242.29",$1.4T,$38.98B,20M BTC,0.71% (24h),,
2026-03-24 18:47:55,"$70,269.77",$1.4T,$39.47B,20M BTC,0.62% (24h),,
2026-03-24 19:17:40,"$70,535.20",$1.41T,$39.66B,20M BTC,0.05% (24h),,
2026-03-24 19:49:44,"$70,613.48",$1.41T,$40.29B,20M BTC,0.17% (24h),,
2026-03-24 20:04:51,"$70,559.73",$1.41T,$39.81B,20M BTC,0.5% (24h),,
2026-03-24 23:16:41,"$70,387.37",$1.4T,$40B,20M BTC,0.16% (24h),,
2026-03-25 01:06:11,"$70,981.89",$1.41T,$40.34B,20M BTC,1.14% (24h),,
2026-03-25 02:12:17,"$71,021.67",$1.42T,$40.94B,20M BTC,1% (24h),,
2026-03-25 03:20:07,"$71,091.84",$1.42T,$40.75B,20M BTC,0.32% (24h),,
2026-03-25 04:05:08,"$70,969.84",$1.41T,$39.58B,20M BTC,0.27% (24h),,
2026-03-25 06:05:48,"$71,302.39",$1.42T,$39.65B,20M BTC,0.04% (24h),,
2026-03-25 07:02:51,"$71,475.63",$1.42T,$39.83B,20M BTC,0.48% (24h),,
2026-03-25 07:53:26,"$71,586.96",$1.43T,$40.54B,20M BTC,0.6% (24h),,
2026-03-25 08:48:24,"$71,301.99",$1.42T,$41.37B,20M BTC,0.56% (24h),,
2026-03-25 10:07:38,"$71,434.94",$1.42T,$40.68B,20M BTC,1.67% (24h),,
2026-03-25 11:19:16,"$70,593.48",$1.41T,$39.13B,20M BTC,0.92% (24h),,
2026-03-25 12:39:23,"$71,504.40",$1.43T,$39.86B,20M BTC,2.77% (24h),,
2026-03-25 13:40:13,"$70,887.66",$1.41T,$39.09B,20M BTC,2.36% (24h),,
2026-03-25 14:33:36,"$70,896.73",$1.41T,$38.25B,20M BTC,1.97% (24h),,
2026-03-25 15:30:27,"$70,932.77",$1.41T,$38.11B,20M BTC,2.04% (24h),,
2026-03-25 16:03:12,"$70,743.34",$1.41T,$38.06B,20M BTC,1.99% (24h),,
2026-03-25 16:53:52,"$71,011.55",$1.42T,$37.44B,20M BTC,1.19% (24h),,
2026-03-25 17:32:12,"$70,974.90",$1.41T,$37.38B,20M BTC,1.31% (24h),,
2026-03-25 18:04:47,"$71,059.50",$1.42T,$37.02B,20M BTC,1.2% (24h),,
2026-03-25 18:53:40,"$71,325.93",$1.42T,$36.65B,20M BTC,1.46% (24h),,
2026-03-25 19:28:27,"$71,395.16",$1.42T,$36.37B,20M BTC,0.98% (24h),,
2026-03-25 19:58:48,"$71,310.83",$1.42T,$35.99B,20M BTC,1.1% (24h),,
2026-03-25 22:06:02,"$71,223.53",$1.42T,$35.13B,20M BTC,0.88% (24h),,
2026-03-26 00:41:29,"$70,821.60",$1.41T,$34.95B,20M BTC,0.06% (24h),,
2026-03-26 02:03:14,"$69,963.55",$1.39T,$34.95B,20M BTC,1.6% (24h),,
2026-03-26 03:25:13,"$70,035.65",$1.4T,$35.48B,20M BTC,1.42% (24h),,
2026-03-26 04:12:19,"$69,963.94",$1.39T,$35.54B,20M BTC,1.2% (24h),,
2026-03-26 05:16:44,"$69,940.96",$1.39T,$34.32B,20M BTC,1.94% (24h),,
2026-03-26 06:14:15,"$69,534.77",$1.39T,$35.39B,20M BTC,2.63% (24h),,
2026-03-26 07:14:40,"$69,537.07",$1.39T,$35.28B,20M BTC,2.81% (24h),,
2026-03-26 08:02:14,"$69,246.66",$1.38T,$34.87B,20M BTC,3.43% (24h),,
2026-03-26 09:55:45,"$69,707.31",$1.39T,$34.21B,20M BTC,2.68% (24h),,
2026-03-26 11:42:04,"$68,913.10",$1.37T,$35.16B,20M BTC,2.71% (24h),,
2026-03-26 13:02:52,"$68,939.66",$1.37T,$35.01B,20M BTC,3.35% (24h),,
2026-03-26 13:34:04,"$69,104.58",$1.38T,$34.92B,20M BTC,2.65% (24h),,
2026-03-26 14:17:57,"$68,356.69",$1.36T,$35.75B,20M BTC,3.69% (24h),,
2026-03-26 15:34:40,"$68,349.07",$1.36T,$36.46B,20M BTC,3.54% (24h),,
2026-03-26 16:04:16,"$68,444.65",$1.36T,$36.92B,20M BTC,3.23% (24h),,
2026-03-26 16:49:47,"$69,108.49",$1.38T,$38.35B,20M BTC,2.6% (24h),,
2026-03-26 17:19:24,"$68,906.26",$1.37T,$38.62B,20M BTC,3.03% (24h),,
2026-03-26 17:49:28,"$68,971.14",$1.37T,$38.79B,20M BTC,2.9% (24h),,
2026-03-26 18:02:52,"$68,885.38",$1.37T,$38.87B,20M BTC,3.07% (24h),,
2026-03-26 18:48:59,"$68,753.52",$1.37T,$38.96B,20M BTC,3.65% (24h),,
2026-03-26 19:05:04,"$68,930.99",$1.37T,$38.84B,20M BTC,3.44% (24h),,
2026-03-26 19:46:08,"$68,698.75",$1.37T,$39.01B,20M BTC,3.48% (24h),,
2026-03-26 20:05:00,"$68,763.31",$1.37T,$38.96B,20M BTC,3.54% (24h),,
2026-03-26 23:27:59,"$68,786.25",$1.37T,$39.18B,20M BTC,2.7% (24h),,
2026-03-27 01:23:05,"$68,676.47",$1.37T,$39.29B,20M BTC,2.68% (24h),,
2026-03-27 02:44:43,"$68,707.91",$1.37T,$38.54B,20M BTC,1.83% (24h),,
2026-03-27 03:48:07,"$68,562.18",$1.37T,$38.69B,20M BTC,2.11% (24h),,
2026-03-27 04:34:44,"$68,224.77",$1.36T,$39.7B,20M BTC,2.3% (24h),,
2026-03-27 05:34:22,"$67,801.26",$1.35T,$40.91B,20M BTC,2.46% (24h),,
2026-03-27 06:29:30,"$67,731.64",$1.35T,$40.24B,20M BTC,2.76% (24h),,
2026-03-27 07:14:02,"$66,551.44",$1.33T,$42.91B,20M BTC,4.3% (24h),,
2026-03-27 07:58:51,"$66,679.77",$1.33T,$44.1B,20M BTC,3.73% (24h),,
2026-03-27 09:03:03,"$66,646.20",$1.33T,$44.46B,20M BTC,3.99% (24h),,
2026-03-27 10:17:11,"$66,265.65",$1.32T,$45.75B,20M BTC,4.82% (24h),,
2026-03-27 11:11:33,"$66,206.28",$1.32T,$47.05B,20M BTC,4.29% (24h),,
2026-03-27 12:05:21,"$65,933.11",$1.31T,$48.52B,20M BTC,4.4% (24h),,
2026-03-27 13:06:54,"$66,010.68",$1.32T,$48.97B,20M BTC,4.29% (24h),,
2026-03-27 13:59:38,"$65,615.88",$1.31T,$49.18B,20M BTC,4.13% (24h),,
2026-03-27 14:57:18,"$65,802.79",$1.31T,$48.32B,20M BTC,3.79% (24h),,
2026-03-27 15:38:47,"$65,946.26",$1.31T,$48.29B,20M BTC,3.77% (24h),,
2026-03-27 16:05:07,"$66,029.47",$1.32T,$48.36B,20M BTC,3.49% (24h),,
2026-03-27 16:54:01,"$66,021.41",$1.32T,$46.47B,20M BTC,4.35% (24h),,
2026-03-27 17:28:31,"$66,120.36",$1.32T,$46.83B,20M BTC,4.2% (24h),,
2026-03-27 17:58:35,"$66,038.55",$1.32T,$46.68B,20M BTC,4.12% (24h),,
2026-03-27 18:29:34,"$65,923.31",$1.31T,$46.63B,20M BTC,4.13% (24h),,
2026-03-27 19:01:37,"$65,990.58",$1.32T,$46.2B,20M BTC,4.24% (24h),,
2026-03-27 19:39:50,"$66,172.64",$1.32T,$46.31B,20M BTC,3.7% (24h),,
2026-03-27 22:02:40,"$66,196.02",$1.32T,$46.02B,20M BTC,4.11% (24h),,
2026-03-28 00:29:04,"$66,210.86",$1.32T,$45.05B,20M BTC,3.33% (24h),,
2026-03-28 01:41:31,"$66,284.31",$1.32T,$44.7B,20M BTC,3.29% (24h),,
2026-03-28 02:38:58,"$66,394.63",$1.32T,$44.47B,20M BTC,3.43% (24h),,
2026-03-28 03:32:43,"$66,418.06",$1.32T,$43.96B,20M BTC,3.58% (24h),,
2026-03-28 04:04:47,"$66,490.60",$1.33T,$43.12B,20M BTC,2.98% (24h),,
2026-03-28 04:56:15,"$66,359.20",$1.32T,$40.84B,20M BTC,2.28% (24h),,
2026-03-28 05:30:09,"$66,325.96",$1.32T,$39.98B,20M BTC,2.3% (24h),,
2026-03-28 06:01:42,"$66,257.07",$1.32T,$39.63B,20M BTC,2.04% (24h),,
2026-03-28 06:39:00,"$66,126.82",$1.32T,$39.31B,20M BTC,1.83% (24h),,
2026-03-28 07:03:16,"$66,182.35",$1.32T,$37.17B,20M BTC,0.37% (24h),,
2026-03-28 07:38:51,"$66,267.09",$1.32T,$35.04B,20M BTC,0.57% (24h),,
2026-03-28 07:57:43,"$66,299.37",$1.32T,$34.44B,20M BTC,0.57% (24h),,
2026-03-28 08:40:04,"$66,304.91",$1.32T,$33.71B,20M BTC,0.4% (24h),,
2026-03-28 09:37:58,"$66,630.89",$1.33T,$32.77B,20M BTC,0.57% (24h),,
2026-03-28 10:08:10,"$66,801.84",$1.33T,$31.16B,20M BTC,0.72% (24h),,
2026-03-28 10:49:06,"$66,869.13",$1.33T,$29.4B,20M BTC,1.51% (24h),,
2026-03-28 11:17:22,"$66,981.62",$1.34T,$28.36B,20M BTC,1.21% (24h),,
2026-03-28 11:49:36,"$66,975.29",$1.34T,$27.4B,20M BTC,1.02% (24h),,
2026-03-28 12:05:19,"$66,968.17",$1.33T,$26.9B,20M BTC,1.55% (24h),,
2026-03-28 12:49:52,"$66,858.69",$1.33T,$25.74B,20M BTC,1.3% (24h),,
2026-03-28 13:17:08,"$66,861.39",$1.33T,$25.17B,20M BTC,0.94% (24h),,
2026-03-28 13:48:53,"$66,772.79",$1.33T,$24.57B,20M BTC,1.72% (24h),,
2026-03-28 14:04:05,"$66,870.27",$1.33T,$24.29B,20M BTC,1.83% (24h),,
2026-03-28 14:59:09,"$66,886.64",$1.33T,$23.43B,20M BTC,1.59% (24h),,
2026-03-28 15:29:37,"$66,802.58",$1.33T,$22.77B,20M BTC,1.38% (24h),,
2026-03-28 15:53:32,"$66,819.12",$1.33T,$22.63B,20M BTC,1.47% (24h),,
2026-03-28 16:21:35,"$66,928.20",$1.33T,$22.02B,20M BTC,1.43% (24h),,
2026-03-28 16:52:56,"$66,906.99",$1.33T,$21.83B,20M BTC,1.42% (24h),,
2026-03-28 17:23:30,"$66,762.87",$1.33T,$21.5B,20M BTC,0.99% (24h),,
2026-03-28 17:55:21,"$66,647.18",$1.33T,$21.42B,20M BTC,0.9% (24h),,
2026-03-28 18:21:30,"$66,729.49",$1.33T,$21.41B,20M BTC,1.16% (24h),,
2026-03-28 18:52:25,"$66,695.03",$1.33T,$21.29B,20M BTC,1.01% (24h),,
2026-03-28 19:24:38,"$66,349.65",$1.32T,$21.37B,20M BTC,0.35% (24h),,
2026-03-28 19:54:08,"$66,343.55",$1.32T,$21.32B,20M BTC,0.02% (24h),,
2026-03-28 21:31:12,"$66,474.24",$1.33T,$20.82B,20M BTC,0.44% (24h),,
2026-03-29 00:22:04,"$66,763.55",$1.33T,$20.3B,20M BTC,0.82% (24h),,
2026-03-29 01:57:40,"$66,737.36",$1.33T,$20.14B,20M BTC,0.65% (24h),,
2026-03-29 02:58:16,"$66,682.95",$1.33T,$19.94B,20M BTC,0.49% (24h),,
2026-03-29 03:52:24,"$66,659.83",$1.33T,$19.75B,20M BTC,0.33% (24h),,
2026-03-29 04:32:47,"$66,660.40",$1.33T,$19.09B,20M BTC,0.24% (24h),,
2026-03-29 05:10:09,"$66,615.01",$1.33T,$18.99B,20M BTC,0.46% (24h),,
2026-03-29 05:53:01,"$66,568.47",$1.33T,$18.85B,20M BTC,0.53% (24h),,
2026-03-29 06:25:35,"$66,421.91",$1.32T,$19.03B,20M BTC,0.3% (24h),,
2026-03-29 06:59:39,"$66,469.18",$1.32T,$19.01B,20M BTC,0.42% (24h),,
2026-03-29 07:30:24,"$66,791.38",$1.33T,$19.2B,20M BTC,0.78% (24h),,
2026-03-29 07:53:30,"$66,765.13",$1.33T,$19.19B,20M BTC,0.7% (24h),,
2026-03-29 08:37:18,"$66,679.00",$1.33T,$18.97B,20M BTC,0.6% (24h),,
2026-03-29 09:38:48,"$66,587.44",$1.33T,$19.39B,20M BTC,0.07% (24h),,
2026-03-29 10:09:04,"$66,454.61",$1.32T,$18.24B,20M BTC,0.5% (24h),,
2026-03-29 10:51:19,"$66,505.65",$1.33T,$18.29B,20M BTC,0.51% (24h),,
2026-03-29 11:18:53,"$66,561.18",$1.33T,$18.03B,20M BTC,0.64% (24h),,
2026-03-29 11:49:47,"$66,401.15",$1.32T,$17.62B,20M BTC,0.86% (24h),,
2026-03-29 12:19:17,"$66,518.36",$1.33T,$17.64B,20M BTC,0.76% (24h),,
2026-03-29 12:56:31,"$66,462.73",$1.32T,$17.68B,20M BTC,0.56% (24h),,
2026-03-29 13:23:57,"$66,192.80",$1.32T,$17.44B,20M BTC,0.92% (24h),,
2026-03-29 13:55:45,"$66,334.97",$1.32T,$17.66B,20M BTC,0.65% (24h),,
2026-03-29 14:31:14,"$66,356.96",$1.32T,$17.56B,20M BTC,0.74% (24h),,
2026-03-29 15:10:37,"$66,367.26",$1.32T,$17.41B,20M BTC,0.76% (24h),,
2026-03-29 15:46:35,"$66,369.98",$1.32T,$17.64B,20M BTC,0.64% (24h),,
2026-03-29 16:03:28,"$66,377.43",$1.32T,$17.61B,20M BTC,0.81% (24h),,
2026-03-29 16:49:07,"$66,566.19",$1.33T,$17.85B,20M BTC,0.47% (24h),,
2026-03-29 17:18:21,"$66,502.06",$1.33T,$17.92B,20M BTC,0.42% (24h),,
2026-03-29 17:49:33,"$66,638.47",$1.33T,$17.94B,20M BTC,0.16% (24h),,
2026-03-29 18:04:40,"$66,348.66",$1.32T,$17.97B,20M BTC,0.42% (24h),,
2026-03-29 18:48:47,"$65,192.26",$1.3T,$18.38B,20M BTC,2.28% (24h),,
2026-03-29 19:18:32,"$66,198.78",$1.32T,$20.9B,20M BTC,0.08% (24h),,
2026-03-29 19:51:10,"$65,906.15",$1.31T,$21.44B,20M BTC,0.68% (24h),,
2026-03-29 21:07:41,"$66,455.94",$1.32T,$22.94B,20M BTC,0.07% (24h),,
2026-03-30 00:15:32,"$67,404.48",$1.34T,$25.69B,20M BTC,0.81% (24h),,
2026-03-30 02:10:06,"$67,443.90",$1.34T,$27.36B,20M BTC,0.96% (24h),,
2026-03-30 04:00:05,"$67,554.95",$1.35T,$28.49B,20M BTC,1.41% (24h),,
2026-03-30 05:14:04,"$67,569.44",$1.35T,$30.82B,20M BTC,1.4% (24h),,
2026-03-30 06:41:53,"$67,350.32",$1.34T,$31.19B,20M BTC,1.33% (24h),,
2026-03-30 07:42:49,"$67,536.92",$1.35T,$31.76B,20M BTC,1.07% (24h),,
2026-03-30 08:43:38,"$67,826.15",$1.35T,$32.76B,20M BTC,1.66% (24h),,
2026-03-30 10:15:12,"$67,637.13",$1.35T,$34.66B,20M BTC,1.5% (24h),,
2026-03-30 11:43:37,"$67,719.94",$1.35T,$36.59B,20M BTC,2.03% (24h),,
2026-03-30 12:42:21,"$67,338.15",$1.34T,$37.27B,20M BTC,1.25% (24h),,
2026-03-30 13:39:44,"$66,872.95",$1.33T,$38.27B,20M BTC,0.93% (24h),,
2026-03-30 14:37:53,"$66,748.21",$1.33T,$39.07B,20M BTC,0.52% (24h),,
2026-03-30 15:39:03,"$66,286.62",$1.32T,$39.93B,20M BTC,0.08% (24h),,
2026-03-30 16:10:03,"$66,572.30",$1.33T,$40.29B,20M BTC,0.23% (24h),,
2026-03-30 17:01:50,"$66,593.45",$1.33T,$40.46B,20M BTC,0% (24h),,
2026-03-30 17:55:25,"$66,814.02",$1.33T,$41.51B,20M BTC,0.25% (24h),,
2026-03-30 18:27:49,"$66,801.35",$1.33T,$40.6B,20M BTC,0.71% (24h),,
2026-03-30 19:04:13,"$66,450.45",$1.32T,$38.58B,20M BTC,0.72% (24h),,
2026-03-30 19:49:40,"$66,697.76",$1.33T,$37.81B,20M BTC,0.98% (24h),,
2026-03-30 21:04:41,"$67,127.53",$1.34T,$36.57B,20M BTC,1.07% (24h),,
2026-03-31 00:05:49,"$67,597.34",$1.35T,$36.66B,20M BTC,0.64% (24h),,
2026-03-31 01:50:53,"$67,683.71",$1.35T,$36.35B,20M BTC,0.28% (24h),,
2026-03-31 02:58:20,"$67,453.27",$1.34T,$36.21B,20M BTC,0.27% (24h),,
2026-03-31 04:07:21,"$67,374.41",$1.34T,$36.7B,20M BTC,0.61% (24h),,
2026-03-31 05:15:56,"$66,628.49",$1.33T,$36.3B,20M BTC,1.38% (24h),,
2026-03-31 06:16:01,"$66,311.71",$1.32T,$37.49B,20M BTC,1.59% (24h),,
2026-03-31 07:12:47,"$66,366.72",$1.32T,$38.04B,20M BTC,1.67% (24h),,
2026-03-31 08:02:51,"$66,693.89",$1.33T,$38.52B,20M BTC,1.4% (24h),,
2026-03-31 09:59:08,"$67,197.97",$1.34T,$38.65B,20M BTC,0.41% (24h),,
2026-03-31 11:03:16,"$66,701.24",$1.33T,$38.97B,20M BTC,1.55% (24h),,
2026-03-31 12:14:12,"$66,843.09",$1.33T,$38.8B,20M BTC,0.81% (24h),,
2026-03-31 13:16:38,"$68,366.50",$1.36T,$40.65B,20M BTC,1.89% (24h),,
2026-03-31 14:09:01,"$67,627.13",$1.35T,$42.04B,20M BTC,1.32% (24h),,
2026-03-31 15:18:28,"$67,858.20",$1.35T,$42.29B,20M BTC,2.21% (24h),,
2026-03-31 16:02:02,"$67,843.39",$1.35T,$42.13B,20M BTC,1.97% (24h),,
2026-03-31 16:55:49,"$68,133.68",$1.36T,$42.22B,20M BTC,2.3% (24h),,
2026-03-31 17:32:07,"$68,021.39",$1.36T,$42.25B,20M BTC,1.85% (24h),,
2026-03-31 18:07:23,"$68,149.33",$1.36T,$42.66B,20M BTC,1.91% (24h),,
2026-03-31 18:50:14,"$68,102.27",$1.36T,$43B,20M BTC,2.13% (24h),,
2026-03-31 19:20:50,"$68,281.01",$1.36T,$43B,20M BTC,2.6% (24h),,
2026-03-31 19:52:56,"$68,209.14",$1.36T,$42.97B,20M BTC,2.25% (24h),,
2026-03-31 21:49:27,"$67,829.19",$1.35T,$41.57B,20M BTC,0.06% (24h),,
2026-04-01 00:37:28,"$68,107.38",$1.36T,$42.33B,20M BTC,0.89% (24h),,
2026-04-01 02:16:11,"$68,611.04",$1.37T,$42.33B,20M BTC,1.74% (24h),,
2026-04-01 03:56:48,"$68,712.48",$1.37T,$43.81B,20M BTC,2.04% (24h),,
2026-04-01 04:56:48,"$68,607.97",$1.37T,$43.95B,20M BTC,2.69% (24h),,
2026-04-01 06:01:44,"$68,617.39",$1.37T,$41.37B,20M BTC,3.79% (24h),,
2026-04-01 07:04:32,"$68,577.82",$1.37T,$41.93B,20M BTC,3.49% (24h),,
2026-04-01 08:00:35,"$68,670.32",$1.37T,$41.07B,20M BTC,3.06% (24h),,
2026-04-01 09:26:44,"$68,478.20",$1.37T,$41.71B,20.01M BTC,2.57% (24h),,
2026-04-01 10:49:18,"$68,466.46",$1.37T,$41.28B,20.01M BTC,2.2% (24h),,
2026-04-01 11:59:41,"$68,904.35",$1.37T,$40.41B,20.01M BTC,3.31% (24h),,
2026-04-01 12:55:35,"$68,842.95",$1.37T,$39.35B,20.01M BTC,1.79% (24h),,
2026-04-01 13:44:25,"$68,407.04",$1.36T,$37.71B,20.01M BTC,1.13% (24h),,
2026-04-01 14:41:10,"$68,233.84",$1.36T,$37.91B,20.01M BTC,0.76% (24h),,
2026-04-01 15:44:32,"$68,160.45",$1.36T,$37.76B,20.01M BTC,0.64% (24h),,
2026-04-01 16:28:46,"$68,077.06",$1.36T,$37.63B,20.01M BTC,0.24% (24h),,
2026-04-01 17:08:25,"$68,330.58",$1.36T,$37.24B,20.01M BTC,0.42% (24h),,
2026-04-01 17:56:14,"$68,323.76",$1.36T,$37.19B,20.01M BTC,0.02% (24h),,
2026-04-01 18:30:10,"$68,174.95",$1.36T,$36.78B,20.01M BTC,0.13% (24h),,
2026-04-01 19:06:42,"$68,196.04",$1.36T,$36.5B,20.01M BTC,0.14% (24h),,
2026-04-01 19:49:23,"$68,150.33",$1.36T,$36.38B,20.01M BTC,0.01% (24h),,
2026-04-01 21:00:32,"$68,524.33",$1.37T,$36B,20.01M BTC,0.4% (24h),,
2026-04-01 23:45:32,"$66,583.85",$1.33T,$38.59B,20.01M BTC,2.08% (24h),,
2026-04-02 01:25:53,"$66,433.60",$1.32T,$39.11B,20.01M BTC,2.98% (24h),,
2026-04-02 02:47:16,"$66,611.38",$1.33T,$38.9B,20.01M BTC,3.57% (24h),,
2026-04-02 03:53:04,"$66,881.82",$1.33T,$37.43B,20.01M BTC,2.69% (24h),,
2026-04-02 04:47:25,"$66,524.80",$1.33T,$36.81B,20.01M BTC,3.18% (24h),,
2026-04-02 05:46:21,"$66,376.40",$1.32T,$36.96B,20.01M BTC,3.08% (24h),,
2026-04-02 06:44:09,"$66,463.46",$1.32T,$36.96B,20.01M BTC,2.96% (24h),,
2026-04-02 07:37:29,"$66,372.35",$1.32T,$37.07B,20.01M BTC,3.17% (24h),,
2026-04-02 08:39:58,"$66,143.49",$1.32T,$37.54B,20.01M BTC,3.21% (24h),,
2026-04-02 09:58:06,"$66,179.49",$1.32T,$37.24B,20.01M BTC,2.92% (24h),,
2026-04-02 10:57:45,"$66,902.43",$1.33T,$38.33B,20.01M BTC,2.37% (24h),,
2026-04-02 11:45:48,"$66,878.45",$1.33T,$38.92B,20.01M BTC,2.7% (24h),,
2026-04-02 12:40:30,"$67,210.95",$1.34T,$38.82B,20.01M BTC,2.45% (24h),,
2026-04-02 13:32:15,"$67,218.20",$1.34T,$39.24B,20.01M BTC,1.88% (24h),,
2026-04-02 14:32:48,"$66,677.05",$1.33T,$39.34B,20.01M BTC,2.09% (24h),,
2026-04-02 15:33:27,"$66,900.76",$1.33T,$39.7B,20.01M BTC,1.86% (24h),,
2026-04-02 16:06:17,"$66,845.29",$1.33T,$39.61B,20.01M BTC,1.77% (24h),,
2026-04-02 16:51:16,"$66,970.21",$1.34T,$39.08B,20.01M BTC,1.78% (24h),,
2026-04-02 17:23:49,"$66,904.04",$1.33T,$39.54B,20.01M BTC,2.15% (24h),,
2026-04-02 17:59:14,"$66,912.15",$1.33T,$39.43B,20.01M BTC,2.2% (24h),,
2026-04-02 18:31:48,"$66,959.42",$1.33T,$39.15B,20.01M BTC,1.78% (24h),,
2026-04-02 19:02:44,"$66,973.68",$1.34T,$39.28B,20.01M BTC,1.71% (24h),,
2026-04-02 19:49:39,"$66,875.05",$1.33T,$39.33B,20.01M BTC,1.83% (24h),,
2026-04-02 21:04:41,"$66,735.77",$1.33T,$38.82B,20.01M BTC,2.1% (24h),,
2026-04-02 23:53:26,"$66,599.40",$1.33T,$35.05B,20.01M BTC,0% (24h),,
2026-04-03 01:30:44,"$66,505.98",$1.33T,$33.62B,20.01M BTC,0.12% (24h),,
2026-04-03 02:47:52,"$66,771.26",$1.33T,$33.68B,20.01M BTC,0.25% (24h),,
2026-04-03 03:50:05,"$67,026.18",$1.34T,$33.84B,20.01M BTC,0.19% (24h),,
2026-04-03 04:36:16,"$67,086.89",$1.34T,$33.96B,20.01M BTC,0.64% (24h),,
2026-04-03 05:35:07,"$66,829.87",$1.33T,$33.6B,20.01M BTC,0.6% (24h),,
2026-04-03 06:25:17,"$66,793.77",$1.33T,$33.3B,20.01M BTC,0.72% (24h),,
2026-04-03 07:09:10,"$66,847.70",$1.33T,$33.09B,20.01M BTC,0.73% (24h),,
2026-04-03 07:51:17,"$66,967.11",$1.34T,$32.43B,20.01M BTC,0.95% (24h),,
2026-04-03 08:31:49,"$66,909.11",$1.33T,$31.56B,20.01M BTC,1.2% (24h),,
2026-04-03 09:47:39,"$66,601.67",$1.33T,$31.13B,20.01M BTC,1.05% (24h),,
2026-04-03 10:31:03,"$66,890.78",$1.33T,$30.03B,20.01M BTC,0.92% (24h),,
2026-04-03 11:11:14,"$66,986.31",$1.34T,$28.34B,20.01M BTC,0.14% (24h),,
2026-04-03 11:53:46,"$66,831.43",$1.33T,$27.66B,20.01M BTC,0.09% (24h),,
2026-04-03 12:31:34,"$66,969.17",$1.34T,$27.15B,20.01M BTC,0.14% (24h),,
2026-04-03 13:06:03,"$66,977.48",$1.34T,$26.56B,20.01M BTC,0.09% (24h),,
2026-04-03 13:50:14,"$66,818.47",$1.33T,$25.52B,20.01M BTC,0% (24h),,
2026-04-03 14:27:53,"$66,899.55",$1.33T,$24.78B,20.01M BTC,0.36% (24h),,
2026-04-03 15:11:41,"$66,775.92",$1.33T,$23.49B,20.01M BTC,0.37% (24h),,
2026-04-03 15:53:01,"$66,872.57",$1.33T,$23.83B,20.01M BTC,0.19% (24h),,
2026-04-03 16:28:40,"$66,866.22",$1.33T,$23.53B,20.01M BTC,0.05% (24h),,
2026-04-03 17:02:41,"$66,845.89",$1.33T,$23.32B,20.01M BTC,0.2% (24h),,
2026-04-03 17:48:25,"$66,906.71",$1.33T,$23.2B,20.01M BTC,0.13% (24h),,
2026-04-03 18:05:53,"$66,903.58",$1.33T,$23.08B,20.01M BTC,0.11% (24h),,
2026-04-03 18:50:55,"$66,859.80",$1.33T,$22.98B,20.01M BTC,0.13% (24h),,
2026-04-03 19:21:35,"$66,866.21",$1.33T,$22.76B,20.01M BTC,0.12% (24h),,
2026-04-03 19:53:25,"$66,929.24",$1.33T,$22.75B,20.01M BTC,0.09% (24h),,
2026-04-03 21:22:13,"$66,854.03",$1.33T,$22.24B,20.01M BTC,0.15% (24h),,
2026-04-03 23:55:59,"$66,826.27",$1.33T,$20.52B,20.01M BTC,0.36% (24h),,
2026-04-04 01:19:54,"$66,869.90",$1.33T,$19.62B,20.01M BTC,0.59% (24h),,
2026-04-04 02:16:11,"$66,940.29",$1.33T,$19.13B,20.01M BTC,0.46% (24h),,
2026-04-04 03:20:06,"$66,965.39",$1.34T,$18.55B,20.01M BTC,0.22% (24h),,
2026-04-04 03:59:31,"$67,010.16",$1.34T,$18.27B,20.01M BTC,0.02% (24h),,
2026-04-04 04:41:29,"$66,959.14",$1.33T,$17.81B,20.01M BTC,0.06% (24h),,
2026-04-04 05:23:13,"$66,956.00",$1.33T,$17.43B,20.01M BTC,0.29% (24h),,
2026-04-04 06:01:01,"$66,974.97",$1.34T,$17.38B,20.01M BTC,0.18% (24h),,
2026-04-04 06:38:51,"$66,923.96",$1.33T,$17.23B,20.01M BTC,0.25% (24h),,
2026-04-04 07:04:28,"$67,163.65",$1.34T,$17.35B,20.01M BTC,0.42% (24h),,
2026-04-04 07:40:06,"$67,082.78",$1.34T,$17.5B,20.01M BTC,0.16% (24h),,
2026-04-04 07:58:24,"$67,112.62",$1.34T,$17.48B,20.01M BTC,0.17% (24h),,
2026-04-04 08:46:14,"$67,049.30",$1.34T,$16.61B,20.01M BTC,0.26% (24h),,
2026-04-04 09:42:35,"$67,246.75",$1.34T,$16.15B,20.01M BTC,0.97% (24h),,
2026-04-04 10:22:25,"$67,192.63",$1.34T,$15.91B,20.01M BTC,0.57% (24h),,
2026-04-04 10:59:08,"$67,172.80",$1.34T,$15.91B,20.01M BTC,0.32% (24h),,
2026-04-04 11:31:11,"$67,311.75",$1.34T,$16.29B,20.01M BTC,0.57% (24h),,
2026-04-04 11:57:17,"$67,325.30",$1.34T,$16.28B,20.01M BTC,0.71% (24h),,
2026-04-04 12:28:26,"$67,425.37",$1.34T,$16.14B,20.01M BTC,0.7% (24h),,
2026-04-04 13:02:02,"$67,299.43",$1.34T,$16.13B,20.01M BTC,0.47% (24h),,
2026-04-04 13:45:30,"$67,316.97",$1.34T,$15.95B,20.01M BTC,0.65% (24h),,
2026-04-04 14:03:52,"$67,316.01",$1.34T,$15.92B,20.01M BTC,0.7% (24h),,
2026-04-04 15:00:15,"$67,289.84",$1.34T,$15.81B,20.01M BTC,0.72% (24h),,
2026-04-04 15:32:43,"$67,329.96",$1.34T,$15.88B,20.01M BTC,0.83% (24h),,
2026-04-04 15:58:07,"$67,303.24",$1.34T,$15.9B,20.01M BTC,0.66% (24h),,
2026-04-04 16:25:23,"$67,254.40",$1.34T,$15.94B,20.01M BTC,0.57% (24h),,
2026-04-04 16:55:31,"$67,250.81",$1.34T,$16B,20.01M BTC,0.6% (24h),,
2026-04-04 17:25:18,"$67,259.97",$1.34T,$15.98B,20.01M BTC,0.55% (24h),,
2026-04-04 17:54:02,"$67,399.18",$1.34T,$15.87B,20.01M BTC,0.73% (24h),,
2026-04-04 18:22:53,"$67,384.26",$1.34T,$15.96B,20.01M BTC,0.72% (24h),,
2026-04-04 18:55:44,"$67,377.10",$1.34T,$15.87B,20.01M BTC,0.74% (24h),,
2026-04-04 19:23:55,"$67,325.78",$1.34T,$16.02B,20.01M BTC,0.68% (24h),,
2026-04-04 19:54:21,"$67,285.92",$1.34T,$15.89B,20.01M BTC,0.52% (24h),,
2026-04-04 21:45:08,"$67,086.98",$1.34T,$15.92B,20.01M BTC,0.38% (24h),,
2026-04-05 00:25:01,"$67,111.25",$1.34T,$16.31B,20.01M BTC,0.44% (24h),,
2026-04-05 01:59:40,"$66,905.84",$1.33T,$16.17B,20.01M BTC,0.01% (24h),,
2026-04-05 03:06:10,"$66,859.12",$1.33T,$16.88B,20.01M BTC,0.18% (24h),,
2026-04-05 04:01:08,"$66,801.19",$1.33T,$16.89B,20.01M BTC,0.31% (24h),,
2026-04-05 04:51:11,"$66,877.52",$1.33T,$16.73B,20.01M BTC,0.11% (24h),,
2026-04-05 05:27:29,"$66,986.55",$1.34T,$16.78B,20.01M BTC,0.03% (24h),,
2026-04-05 06:02:44,"$66,997.75",$1.34T,$16.86B,20.01M BTC,0% (24h),,
2026-04-05 06:52:13,"$67,030.11",$1.34T,$17.03B,20.01M BTC,0.12% (24h),,
2026-04-05 07:24:07,"$67,035.51",$1.34T,$16.77B,20.01M BTC,0.15% (24h),,
2026-04-05 07:51:53,"$66,973.15",$1.34T,$16.63B,20.01M BTC,0.2% (24h),,
2026-04-05 08:38:36,"$66,751.37",$1.33T,$17.16B,20.01M BTC,0.49% (24h),,
2026-04-05 09:42:35,"$66,803.56",$1.33T,$17.74B,20.01M BTC,0.64% (24h),,
2026-04-05 10:20:47,"$66,847.78",$1.33T,$17.73B,20.01M BTC,0.51% (24h),,
2026-04-05 10:57:31,"$66,912.01",$1.33T,$17.56B,20.01M BTC,0.32% (24h),,
2026-04-05 11:26:45,"$67,077.57",$1.34T,$17.23B,20.01M BTC,0.36% (24h),,
2026-04-05 11:54:12,"$67,376.46",$1.34T,$18.45B,20.01M BTC,0.08% (24h),,
2026-04-05 12:28:48,"$67,335.05",$1.34T,$18.68B,20.01M BTC,0.11% (24h),,
2026-04-05 13:02:37,"$67,185.50",$1.34T,$18.63B,20.01M BTC,0.16% (24h),,
2026-04-05 13:45:53,"$67,345.55",$1.34T,$18.54B,20.01M BTC,0.03% (24h),,
2026-04-05 14:05:21,"$67,299.14",$1.34T,$18.56B,20.01M BTC,0% (24h),,
2026-04-05 15:02:25,"$67,371.59",$1.34T,$18.65B,20.01M BTC,0.1% (24h),,
2026-04-05 15:45:05,"$67,283.57",$1.34T,$18.57B,20.01M BTC,0% (24h),,
2026-04-05 16:03:30,"$67,368.12",$1.34T,$18.59B,20.01M BTC,0.18% (24h),,
2026-04-05 16:49:27,"$67,620.35",$1.35T,$18.68B,20.01M BTC,0.52% (24h),,
2026-04-05 17:17:58,"$67,490.51",$1.35T,$18.77B,20.01M BTC,0.38% (24h),,
2026-04-05 17:50:06,"$67,521.98",$1.35T,$19.05B,20.01M BTC,0.25% (24h),,
2026-04-05 18:04:33,"$67,694.89",$1.35T,$19.06B,20.01M BTC,0.48% (24h),,
2026-04-05 18:49:20,"$68,033.20",$1.36T,$19.61B,20.01M BTC,0.94% (24h),,
2026-04-05 19:20:07,"$68,830.06",$1.37T,$21.3B,20.01M BTC,2.19% (24h),,
2026-04-05 19:52:26,"$68,990.28",$1.38T,$22.65B,20.01M BTC,2.55% (24h),,
2026-04-05 21:31:47,"$68,900.26",$1.37T,$26.01B,20.01M BTC,2.65% (24h),,
2026-04-06 00:28:53,"$68,961.17",$1.38T,$28.62B,20.01M BTC,2.71% (24h),,
2026-04-06 02:16:29,"$69,231.72",$1.38T,$29.33B,20.01M BTC,3.87% (24h),,
2026-04-06 04:04:59,"$69,137.50",$1.38T,$29.68B,20.01M BTC,3.42% (24h),,
2026-04-06 05:22:41,"$70,154.29",$1.4T,$31.76B,20.01M BTC,4.77% (24h),,
2026-04-06 06:37:50,"$69,895.91",$1.39T,$33.99B,20.01M BTC,4.17% (24h),,
2026-04-06 07:31:32,"$69,604.17",$1.39T,$34.12B,20.01M BTC,3.9% (24h),,
2026-04-06 08:07:29,"$69,528.16",$1.39T,$34.78B,20.01M BTC,3.88% (24h),,
2026-04-06 09:43:23,"$69,345.67",$1.38T,$35.16B,20.01M BTC,3.79% (24h),,
2026-04-06 10:37:39,"$69,742.97",$1.39T,$36.54B,20.01M BTC,4.26% (24h),,
2026-04-06 11:29:34,"$69,682.69",$1.39T,$37.65B,20.01M BTC,3.34% (24h),,
2026-04-06 12:10:14,"$69,894.85",$1.39T,$37.04B,20.01M BTC,3.84% (24h),,
2026-04-06 13:04:59,"$69,560.75",$1.39T,$38.23B,20.01M BTC,3.5% (24h),,
2026-04-06 14:04:52,"$69,505.89",$1.39T,$39.73B,20.01M BTC,3.27% (24h),,
2026-04-06 15:03:42,"$69,817.83",$1.39T,$40.48B,20.01M BTC,3.63% (24h),,
2026-04-06 15:57:24,"$69,671.96",$1.39T,$40.98B,20.01M BTC,3.52% (24h),,
2026-04-06 16:33:28,"$69,955.76",$1.39T,$41.4B,20.01M BTC,3.69% (24h),,
2026-04-06 17:09:39,"$69,717.13",$1.39T,$41.44B,20.01M BTC,3.14% (24h),,
2026-04-06 17:50:58,"$69,562.03",$1.39T,$41.43B,20.01M BTC,3.02% (24h),,
2026-04-06 18:21:43,"$69,402.04",$1.38T,$41.05B,20.01M BTC,2.93% (24h),,
2026-04-06 19:03:23,"$68,918.87",$1.37T,$40.6B,20.01M BTC,0.86% (24h),,
2026-04-06 19:38:18,"$68,650.77",$1.37T,$40.08B,20.01M BTC,0.54% (24h),,
2026-04-06 20:04:54,"$68,924.34",$1.37T,$38.81B,20.01M BTC,0.54% (24h),,
2026-04-06 23:27:48,"$68,774.67",$1.37T,$36.66B,20.01M BTC,0.54% (24h),,
2026-04-07 01:25:19,"$68,756.29",$1.37T,$36.28B,20.01M BTC,0.58% (24h),,
2026-04-07 02:52:55,"$68,574.53",$1.37T,$35.74B,20.01M BTC,0.7% (24h),,
2026-04-07 04:03:21,"$68,742.09",$1.37T,$35.04B,20.01M BTC,0.57% (24h),,
2026-04-07 05:19:14,"$69,108.95",$1.38T,$34.19B,20.01M BTC,1.1% (24h),,
2026-04-07 06:19:13,"$68,913.16",$1.37T,$32.48B,20.01M BTC,1.25% (24h),,
2026-04-07 07:17:53,"$68,353.63",$1.36T,$33.22B,20.01M BTC,1.92% (24h),,
2026-04-07 08:05:45,"$68,386.12",$1.36T,$33.22B,20.01M BTC,1.71% (24h),,
2026-04-07 09:58:23,"$68,242.23",$1.36T,$33.75B,20.01M BTC,1.64% (24h),,
2026-04-07 11:05:14,"$67,840.16",$1.35T,$32.3B,20.01M BTC,2.56% (24h),,
2026-04-07 12:17:09,"$68,169.74",$1.36T,$33.78B,20.01M BTC,2.61% (24h),,
2026-04-07 13:18:22,"$68,263.49",$1.36T,$32.63B,20.01M BTC,1.55% (24h),,
2026-04-07 14:12:21,"$68,626.60",$1.37T,$33.09B,20.01M BTC,1.59% (24h),,
2026-04-07 15:34:36,"$68,492.80",$1.37T,$33.64B,20.01M BTC,1.93% (24h),,
2026-04-07 16:09:02,"$69,482.29",$1.39T,$34.51B,20.01M BTC,0.32% (24h),,
2026-04-07 17:02:46,"$69,367.29",$1.38T,$35.67B,20.01M BTC,0.63% (24h),,
2026-04-07 17:55:59,"$69,874.94",$1.39T,$37.63B,20.01M BTC,0.52% (24h),,
2026-04-07 18:31:46,"$70,443.99",$1.4T,$38.72B,20.01M BTC,1.58% (24h),,
2026-04-07 19:09:44,"$71,426.14",$1.42T,$41.09B,20.01M BTC,4.26% (24h),,
2026-04-07 19:53:55,"$72,175.15",$1.44T,$44.51B,20.01M BTC,4.82% (24h),,
2026-04-07 21:30:01,"$71,458.63",$1.43T,$45.95B,20.01M BTC,3.95% (24h),,
2026-04-08 00:18:41,"$71,520.88",$1.43T,$47.67B,20.01M BTC,4.19% (24h),,
2026-04-08 02:00:57,"$71,704.15",$1.43T,$48.28B,20.01M BTC,4.47% (24h),,
2026-04-08 03:26:18,"$71,874.45",$1.43T,$49.34B,20.01M BTC,4.71% (24h),,
2026-04-08 04:41:33,"$71,730.24",$1.43T,$50.42B,20.01M BTC,4.18% (24h),,
2026-04-08 05:50:32,"$71,651.51",$1.43T,$50.34B,20.01M BTC,3.58% (24h),,
2026-04-08 06:46:32,"$71,546.77",$1.43T,$50.05B,20.01M BTC,4.51% (24h),,
2026-04-08 07:41:59,"$71,520.04",$1.43T,$49.43B,20.01M BTC,4.56% (24h),,
2026-04-08 08:45:40,"$71,933.44",$1.43T,$50.1B,20.01M BTC,5.34% (24h),,
2026-04-08 10:21:07,"$71,456.49",$1.43T,$53B,20.01M BTC,5.21% (24h),N/A,N/A
